GEOID,Pct_NonWhite,Pct_PublicTrans,Pct_RentBurden,Pct_BelowPov
06037101110,47,55,52.50,11.7
06037101122,27.7,12,69.77,6.4
06037101220,55.8,109,43.23,17.8
06037101221,56.1,33,68.72,14.3
06037101222,54,59,55.33,13.9
06037101300,28,25,37.34,7.8
06037101400,37,1,79.51,6.9
06037102103,20.9,8,89.97,9
06037102104,30.4,40,32.56,5
06037102105,82,0,46.01,9.4
06037102107,29,0,51.38,13.9
06037103101,35.1,0,51.91,4.1
06037103102,34.9,10,87.98,11
06037103201,48.7,40,60.58,10.3
06037103202,47,16,0.00,2.5
06037103300,27.4,0,83.72,8.5
06037103401,33.4,6,57.99,5.4
06037103402,40.9,50,27.77,8.6
06037104103,93.7,8,71.33,11.9
06037104105,96.3,110,72.25,22
06037104108,98.8,57,52.86,13.8
06037104124,65.3,70,64.68,8.9
06037104201,99.5,61,70.10,10.9
06037104203,99.3,76,75.24,21.9
06037104204,88.7,12,52.23,14.2
06037104310,98.7,41,51.91,12.3
06037104321,99.6,46,62.62,15.7
06037104322,95.6,41,87.33,7.8
06037104401,97.1,18,58.42,21.8
06037104403,98.5,0,75.31,22.7
06037104404,98.6,86,57.21,14.2
06037104500,98.3,104,77.38,33.8
06037104610,97.9,27,72.56,8.7
06037104620,95.5,52,65.96,19.6
06037104701,99.7,91,51.86,30.3
06037104703,91.2,0,49.06,17.7
06037104704,92.5,58,64.12,23.7
06037104821,95.7,44,44.59,16.4
06037104822,98.5,86,64.52,27.4
06037104823,98.6,63,89.92,22.1
06037104824,99.6,26,68.42,10.5
06037106010,81.6,5,69.27,5.2
06037106020,92.2,20,64.90,17.4
06037106111,74.1,7,0.00,4.9
06037106112,83.1,1,38.31,14.4
06037106113,88,0,72.64,3.4
06037106114,96.3,53,60.77,25
06037106403,91.6,22,60.20,8.8
06037106405,89,7,38.76,17.4
06037106406,80.3,22,54.63,3.7
06037106407,91.4,43,76.44,34.8
06037106408,96,51,60.12,29.6
06037106510,87.1,81,81.36,15.5
06037106520,95.5,47,61.85,13
06037106603,54.1,37,64.44,5.7
06037106604,95,131,61.29,12.4
06037106641,35.5,6,60.98,6.6
06037106642,34,21,84.07,8.1
06037106643,48.5,54,16.95,2.8
06037106645,44.1,33,85.71,5.2
06037106646,59.9,15,70.55,5.7
06037106648,93,11,62.72,13.5
06037106649,90,17,83.33,4.9
06037107010,94.5,16,57.94,4.4
06037107020,93.6,29,68.80,18.4
06037108101,47.4,2,10.61,3.5
06037108102,50.1,0,54.07,11.8
06037108103,43.2,27,93.07,6.3
06037108104,42.3,0,61.90,2.9
06037108202,69.1,0,74.39,3.3
06037108203,62,0,62.00,5.3
06037108204,63.9,0,43.48,2.8
06037109100,67.3,52,59.34,8.8
06037109200,63.3,16,21.85,5.5
06037109300,71.7,13,60.36,5.3
06037109400,87,50,72.91,5.4
06037109500,93.1,113,55.81,17.2
06037109601,76.8,25,59.90,7.6
06037109603,90,35,58.67,11.8
06037109604,86.1,55,56.21,10.8
06037109700,66.1,76,60.86,5.4
06037109800,64.6,51,68.07,10.1
06037111100,71.3,8,44.48,7.3
06037111201,71.3,22,37.50,8.2
06037111202,62.5,116,48.65,9
06037111204,56.5,0,22.51,2.1
06037111205,63.6,17,49.33,9.8
06037111206,50.4,0,67.65,6.2
06037111302,57.3,27,60.92,9
06037111303,49.5,0,73.51,5.5
06037111304,88.6,21,61.34,25.7
06037111401,61.9,9,62.36,3.9
06037111402,55.2,97,59.15,14.7
06037113101,38.6,11,60.77,11.9
06037113102,55.8,0,61.29,3.5
06037113211,53.2,8,44.58,7.4
06037113212,64.1,0,68.08,3.6
06037113213,63.6,5,45.08,5.5
06037113231,38.2,10,89.62,4.7
06037113232,47.7,33,53.85,8.4
06037113234,80.7,61,44.46,17.6
06037113235,50.5,0,68.72,13.1
06037113237,59.6,8,36.18,5.4
06037113238,83.7,122,65.11,11.3
06037113239,77.3,88,73.53,10
06037113301,48,97,62.26,11.4
06037113303,71.4,55,39.20,7.4
06037113322,52.4,0,53.63,12.4
06037113323,72,0,51.89,9.8
06037113324,77.3,14,30.95,5.5
06037113423,72.4,93,68.35,9.4
06037113424,70,14,78.43,7.4
06037113425,86.6,185,68.71,9.1
06037113426,70.9,14,62.09,16.7
06037113427,81.5,151,64.02,16.1
06037113428,50.9,13,80.81,9
06037115101,43.4,25,47.86,8.7
06037115103,64.3,6,35.71,37.5
06037115104,68.8,132,60.03,21.8
06037115202,73.2,126,75.45,24.7
06037115203,65.4,16,55.38,20
06037115204,64.5,49,52.39,10.7
06037115301,61.6,10,55.06,8.8
06037115302,88,128,70.87,18.1
06037115401,68,29,78.47,16.7
06037115403,78.8,51,49.18,27.9
06037115404,81.2,100,62.96,9.7
06037117101,81.9,189,68.02,11.5
06037117102,76.3,61,82.88,9.7
06037117201,85.4,255,73.15,25
06037117202,74.4,0,61.90,10.5
06037117301,69.9,0,43.88,5.5
06037117302,62.2,58,65.57,7
06037117303,71.6,0,69.29,7.2
06037117404,71.1,129,66.11,10.6
06037117405,94.5,157,63.83,28
06037117407,98.1,86,59.16,29.7
06037117408,92.4,104,60.87,37.5
06037117510,91.4,331,67.62,24.2
06037117520,93.7,117,70.09,40.7
06037117530,90.5,158,55.38,29.8
06037119001,91.1,20,47.06,9.2
06037119003,95.9,75,66.90,18.1
06037119004,90.4,0,62.12,9.5
06037119201,93.7,21,36.54,9.1
06037119202,97.5,36,44.62,17.2
06037119310,76.5,130,63.77,9.9
06037119320,90.3,148,51.62,16.4
06037119340,96.6,214,66.90,33.3
06037119341,94.7,75,64.26,16.3
06037119342,93.6,175,67.99,11.4
06037119400,91.8,32,60.11,9.8
06037119700,77.2,0,36.08,3.6
06037119801,91.3,31,57.26,13.7
06037119802,94.1,27,35.20,15.7
06037119900,94.4,126,72.45,2.6
06037120010,93.8,67,55.26,13.9
06037120020,92.4,211,69.36,22
06037120030,89.6,129,56.83,30.4
06037120103,97,203,77.16,34.8
06037120104,89.6,65,56.71,22.2
06037120105,93.7,58,62.17,19.2
06037120106,97.5,242,79.34,33.2
06037120107,95.6,55,67.50,35.1
06037120108,89.7,215,58.82,25
06037120300,77.3,184,69.82,17.3
06037120400,74.3,109,59.48,15.6
06037121010,70.5,137,59.22,8.2
06037121020,68.4,49,72.71,11.2
06037121101,82.7,96,48.88,11.6
06037121102,58.4,4,63.87,5.9
06037121210,87.3,23,63.04,9.2
06037121221,86.4,0,31.67,9.3
06037121222,90.9,157,57.82,14.8
06037121600,60.4,27,63.39,17.1
06037121801,86.9,102,71.78,10.9
06037121802,80.5,78,51.94,18.8
06037121900,83.1,69,54.90,12
06037122000,56.3,49,62.86,10.6
06037122120,85.7,51,48.07,14.3
06037122121,88.4,33,56.82,28
06037122122,92.6,106,73.04,29.4
06037122200,86.9,7,68.70,10.9
06037122410,93.1,114,47.27,19.4
06037122420,92.2,127,58.64,16.5
06037123010,91.1,76,86.09,27.3
06037123020,84.1,70,60.98,7.7
06037123103,69.8,34,48.38,10.6
06037123104,67.5,193,60.31,25
06037123203,81,100,71.69,26
06037123204,82.9,160,60.81,24.2
06037123205,82.1,207,64.34,34.6
06037123206,90.9,60,53.81,18.9
06037123301,66.5,77,69.65,7.9
06037123303,62.6,262,54.58,19.1
06037123304,53.7,166,69.25,15.5
06037123410,60.6,121,80.28,29.1
06037123420,65.4,177,63.20,20.2
06037123510,61.3,126,65.43,21.7
06037123520,64.4,45,70.77,16
06037123601,50.9,227,52.78,17.1
06037123602,46.1,216,64.95,23.6
06037123700,46.1,32,53.20,12.7
06037123800,36.6,58,54.45,14
06037123901,65.4,275,64.48,23.7
06037123902,51.2,22,50.23,18.2
06037124000,29.3,25,54.87,17.8
06037124102,69.1,163,60.09,28.3
06037124103,76.8,97,56.18,12.1
06037124104,75.7,89,69.08,20.3
06037124105,75.8,117,57.02,16.5
06037124201,79,103,52.76,10.1
06037124203,73.5,70,60.89,9.3
06037124204,71.5,102,60.27,28.6
06037124300,65.4,100,61.40,6.7
06037124400,40.1,0,54.16,8
06037124500,43.1,65,68.59,15.5
06037124600,26.7,8,67.72,3.7
06037124700,28.5,105,44.40,8.9
06037124902,54.6,99,50.43,12.2
06037124903,50.2,83,62.77,14.5
06037125101,61.2,124,51.89,13.9
06037125102,29.7,23,56.61,9.4
06037125200,47.7,134,56.51,7.6
06037125310,62.4,108,52.33,11.9
06037125321,50.8,68,75.24,14.8
06037125322,64.7,63,74.85,28.7
06037125402,49.4,63,59.30,7.9
06037125403,57.2,179,67.53,14.1
06037125404,64.8,122,61.38,17.5
06037125501,41.6,20,54.32,14.2
06037125502,42.2,53,52.71,16.8
06037125600,44.6,10,53.05,9.1
06037127102,78.2,155,75.83,25.7
06037127103,77.6,293,51.59,10.4
06037127104,69.4,86,83.75,21.5
06037127210,80.6,196,56.18,8.7
06037127220,88.6,193,71.06,22.3
06037127300,79,207,58.72,7.6
06037127400,84.9,226,54.78,17.2
06037127520,92.9,311,63.19,24.6
06037127603,95.2,101,59.30,25.7
06037127604,69.6,105,71.77,24.4
06037127605,80.8,121,57.19,22.2
06037127606,77.2,35,59.82,25.3
06037127711,71.7,81,47.70,22.2
06037127712,78.6,68,60.90,22.5
06037127803,78.5,24,62.24,21.7
06037127804,78.5,155,58.63,13.8
06037127805,77.7,179,57.59,27.8
06037127806,84,90,54.99,9.3
06037127910,86.4,166,65.62,24.9
06037127920,49.4,304,62.07,22.2
06037128101,58.8,61,58.29,10.7
06037128102,85.3,171,55.02,14.3
06037128210,89.3,210,65.93,26.1
06037128220,64.9,81,60.52,19.2
06037128302,84.3,209,64.96,30.6
06037128303,89.5,179,67.10,34.1
06037128400,50.1,212,56.22,7.8
06037128500,41.6,65,52.84,8.5
06037128601,68.7,223,51.89,13.8
06037128602,40,46,68.47,13.8
06037128703,44.7,81,51.07,9.2
06037128704,32.6,37,37.00,7.3
06037128801,43.7,23,61.57,11.7
06037128802,51,83,52.72,5.9
06037128910,42.4,43,47.76,7.6
06037131021,78.1,154,64.56,10.5
06037131022,81.4,130,62.27,21.5
06037131023,77.8,26,63.64,12.4
06037131024,80.9,20,39.64,14.3
06037131100,58,8,89.42,5.1
06037131200,49.1,28,76.70,7.3
06037131300,84.6,48,65.22,6.9
06037131400,71.5,51,64.78,10.4
06037131600,82.6,31,57.04,14
06037131701,75.9,57,68.12,21
06037131702,75.2,60,85.62,7.3
06037131801,84.6,17,61.98,17.7
06037131802,76.7,0,59.80,5.4
06037131900,64.1,87,28.13,3.9
06037132001,61.7,0,59.56,13.7
06037132002,66.5,30,58.11,4.9
06037132101,64.8,28,61.68,30.9
06037132102,68,97,71.06,22.7
06037132301,85.2,168,48.33,19.6
06037132302,78.6,108,65.67,9.4
06037132501,70.3,16,49.64,9.1
06037132502,53.1,0,61.16,15.9
06037132700,64.9,112,71.93,19.2
06037132900,44.9,15,75.79,8.8
06037133000,66.7,0,40.72,13.3
06037133101,42,40,42.00,4.4
06037133102,53.9,127,65.36,16.5
06037134001,87.6,128,66.41,11.1
06037134002,83,140,65.49,21.9
06037134101,78.9,0,64.85,24.5
06037134103,77.3,76,72.62,32.3
06037134104,80.8,97,73.59,17.9
06037134201,77.9,48,65.04,7.6
06037134302,64.4,77,55.84,13.8
06037134303,53.5,47,33.33,7.2
06037134304,64,0,70.55,13.2
06037134305,93.6,115,60.44,16.4
06037134306,81.2,84,68.01,13.1
06037134421,39.4,12,79.07,3.4
06037134422,45.1,15,58.33,5
06037134423,33.9,9,75.84,10.7
06037134424,30.8,0,70.19,5.3
06037134520,87.4,350,62.81,21.6
06037134521,98.5,163,62.35,28.4
06037134522,80.9,228,58.25,23.3
06037134710,85.7,118,72.05,29.9
06037134720,80.6,6,62.03,13.2
06037134801,74,10,72.79,15.5
06037134802,69.4,0,71.76,31.5
06037134901,42.4,45,66.35,8.1
06037134904,79.7,251,60.96,12.2
06037134905,57.8,93,57.93,16.5
06037134906,80.1,48,43.80,14.3
06037134907,49.6,108,46.44,25.3
06037135102,47.2,35,29.55,8.8
06037135111,57.6,73,34.24,8.3
06037135113,49,32,45.20,14.7
06037135115,70.5,36,49.12,5.6
06037135116,35.9,0,46.72,17.8
06037135201,35.4,12,63.00,15.1
06037135202,39.7,0,62.70,8.8
06037135204,43.7,67,59.56,4.4
06037135205,24.2,0,45.63,9.1
06037137000,30.7,20,44.96,6.9
06037137103,35.1,0,64.36,17.7
06037137104,31.7,0,29.03,10.3
06037137202,46.9,20,61.99,13.6
06037137203,55,66,46.13,9.6
06037137301,24.1,9,36.36,1.5
06037137302,28.9,10,29.45,8.8
06037137401,32.7,103,34.89,8.6
06037137402,42.6,0,50.34,3.3
06037137501,41.4,31,61.42,14.7
06037137502,38.7,18,51.97,3.4
06037137504,37.6,0,0.00,3.7
06037138000,19.8,0,67.14,3.3
06037139001,30.2,65,36.15,8.5
06037139200,29.7,0,68.67,7.4
06037139301,39,0,62.28,5.5
06037139302,69.4,159,52.66,17.1
06037139303,48.7,126,58.91,7
06037139401,37,10,60.77,6.7
06037139402,27.6,0,66.00,11.3
06037139502,27,64,58.85,5.6
06037139504,23.3,103,66.20,15.4
06037139505,43.6,16,78.80,21.1
06037139506,27.4,18,73.77,5.5
06037139600,18.7,0,50.94,6.9
06037139701,12.4,29,42.28,12.2
06037139703,18.1,0,62.50,2.4
06037139704,14.4,0,86.74,6.8
06037139705,21.6,18,57.69,2
06037139801,18.7,0,100.00,6.5
06037139802,25.7,44,37.27,3.8
06037141101,38.3,25,56.82,7.2
06037141102,37.6,0,52.34,6.9
06037141201,47.6,16,44.35,9.7
06037141202,28.1,0,49.14,6.3
06037141303,38.8,17,55.61,15
06037141304,23.9,42,54.19,10.7
06037141305,43.6,25,47.31,9.9
06037141306,31.7,72,57.16,1.6
06037141400,35.9,45,70.95,8.9
06037141500,21.8,0,0.00,2.7
06037141600,26.2,0,70.21,6.2
06037141700,14.7,0,34.88,1.3
06037143101,30.7,0,55.15,2.5
06037143102,37,15,54.28,7.4
06037143200,49.8,121,70.58,7.9
06037143301,36,10,55.63,7.5
06037143302,30.3,34,51.76,6.7
06037143401,36.2,51,53.47,7.5
06037143402,17.2,0,40.72,1.7
06037143500,24.5,71,46.05,3.7
06037143602,25.5,78,55.11,12.8
06037143603,41.5,16,63.34,10.1
06037143605,46.5,29,56.01,10.1
06037143606,42.6,93,41.62,11.1
06037143700,24.1,0,53.46,6.4
06037143801,43,13,30.20,7.6
06037143802,25.4,0,48.49,6
06037143901,22.4,0,54.19,3.2
06037143902,36.7,12,39.37,10.3
06037181000,54.8,55,39.31,8.2
06037181300,70.2,60,49.76,6.6
06037181400,70.6,93,30.18,7
06037181500,69.8,39,70.56,14.2
06037181600,69.3,46,51.85,4.6
06037183101,68.8,0,52.12,16.8
06037183103,73.2,233,37.74,8.7
06037183104,71.9,33,38.19,10.6
06037183220,73.2,41,35.94,6.8
06037183221,75,148,72.81,10.4
06037183222,59.2,72,33.89,11.1
06037183300,80.1,81,45.31,8
06037183401,81.6,75,61.56,12.3
06037183402,72.3,74,48.61,11.5
06037183510,79.7,82,56.71,5.8
06037183520,86.7,233,54.18,14
06037183610,78.5,86,61.68,17.4
06037183620,76.2,66,49.74,12.8
06037183701,79.5,212,56.97,14.2
06037183702,77.8,16,44.78,4.1
06037183810,81.2,150,54.02,21
06037183820,90.2,171,36.69,8.6
06037185101,61.6,61,46.03,2.9
06037185102,40.8,29,73.53,8.7
06037185202,56.6,112,55.09,6.8
06037185203,86.1,130,44.11,13.2
06037185204,62.8,37,35.94,15.1
06037185310,91,152,43.39,20
06037185320,90.7,141,47.97,23.2
06037186100,63.9,20,46.25,4.9
06037186201,74.5,28,53.18,11.5
06037186202,77,85,51.16,14.1
06037186203,49.1,0,40.23,8.7
06037186301,81.2,108,65.05,19.9
06037186302,60.3,28,51.20,6.5
06037186401,95.2,115,50.98,22.1
06037186403,85.5,33,32.43,9
06037186404,77.8,75,56.90,25.7
06037187101,66.2,59,57.59,5.9
06037187102,83.3,26,63.59,20.4
06037187200,74.1,28,57.75,8.9
06037187300,46.2,8,49.67,7.7
06037188100,57.5,32,53.67,14.9
06037188201,37.3,21,49.92,12.8
06037188202,49.5,37,60.34,6.5
06037188300,59.6,163,27.59,5.4
06037189101,29.7,98,46.90,7.7
06037189102,30.8,91,43.58,7
06037189201,36.4,192,44.34,16.8
06037189202,29.4,33,36.61,5.5
06037189300,34.1,14,39.02,12.9
06037189400,26.8,35,52.52,9.8
06037189501,23.6,50,49.30,11.5
06037189502,41.5,186,60.66,21.8
06037189600,33.3,114,53.27,9.2
06037189702,28.3,21,54.92,8.6
06037189703,49.4,12,68.62,7.4
06037189704,36.8,94,54.51,13.7
06037189801,28.2,0,49.21,5.9
06037189802,39.5,13,42.58,14.3
06037189903,29.6,10,55.59,6.8
06037189904,43.5,148,67.15,22.1
06037189905,40.6,22,56.31,14.4
06037189906,45.1,127,53.66,12.4
06037189907,45.4,33,45.88,6.9
06037190101,51.1,155,60.50,31
06037190102,49.4,45,52.70,13
06037190201,73.6,386,57.56,13.3
06037190202,58.2,160,58.85,23.6
06037190302,49.3,39,49.32,14.1
06037190303,39.5,283,53.40,23
06037190401,47.3,209,54.69,10
06037190402,46.2,309,47.47,17
06037190510,67.7,396,59.01,31.3
06037190520,64,202,52.73,22
06037190701,60.6,135,42.42,28.5
06037190702,52.3,74,60.00,9.9
06037190801,66.8,135,49.72,27.7
06037190802,65.9,85,53.84,20.6
06037190901,81.3,428,50.29,29.9
06037190902,76.8,436,46.24,16.4
06037191000,63.2,259,56.28,12.7
06037191110,44.2,243,58.54,41.8
06037191120,72,365,63.21,16.9
06037191201,49.2,156,60.85,25.6
06037191203,75.6,324,56.98,34.8
06037191204,75.1,140,41.40,20
06037191301,73.7,127,47.38,19.6
06037191302,66.7,141,47.13,12.3
06037191410,83.9,565,53.25,27.5
06037191420,82.3,267,64.53,12.4
06037191500,79.4,362,46.55,21.8
06037191610,79.7,396,70.77,21.4
06037191620,81.2,274,56.15,24.9
06037191710,82.9,163,66.37,30.2
06037191720,90.6,602,52.22,15.6
06037191810,77.1,216,61.23,10.4
06037191820,48,128,56.12,13
06037191901,50.4,307,50.08,19.7
06037191902,32.3,29,64.97,13.2
06037192001,35.4,33,56.92,18.3
06037192002,22.1,32,43.73,8.8
06037192300,43.3,45,66.01,12.2
06037192410,46.3,111,39.74,6.4
06037192420,85.5,191,59.05,16.2
06037192510,95.5,439,62.94,19
06037192520,91.2,277,60.38,21.4
06037192610,84,329,69.55,26
06037192620,92.8,364,57.08,27.3
06037192700,75.8,269,54.79,18.9
06037194101,35.5,110,63.61,8.4
06037194102,32.9,0,60.91,9.6
06037194200,18.7,27,70.24,2.1
06037194300,20.2,0,61.63,7.8
06037194401,40.5,23,45.66,9.7
06037194402,25.1,24,53.86,10.6
06037194500,21.6,0,57.50,6.6
06037195100,39.5,50,55.59,5.4
06037195201,32.6,43,29.24,9.9
06037195202,33.3,83,46.98,6.6
06037195300,44.6,146,45.76,14.4
06037195400,36.2,111,47.01,8.4
06037195500,51.4,130,35.48,6.6
06037195600,68.7,251,45.38,23.3
06037195710,77.3,305,70.65,30.9
06037195720,61.8,91,49.64,12.5
06037195802,78.6,181,49.52,15
06037195803,55,91,48.97,12.6
06037195804,75.9,143,24.30,10.5
06037195901,54.3,81,48.36,15.2
06037195902,38.5,18,35.16,4.5
06037195903,65.4,82,50.71,12.2
06037197200,90.8,91,34.98,4.4
06037197300,52.9,98,43.35,5.7
06037197410,54.4,35,44.27,6.3
06037197420,57.7,179,50.66,9.2
06037197500,65.2,392,43.36,16.8
06037197600,64.6,93,50.85,29.5
06037197700,78.6,125,69.13,16.8
06037199001,99.1,152,62.24,24.4
06037199002,80.6,122,68.26,13.9
06037199110,92.7,77,33.77,15
06037199120,91.7,47,60.02,33.6
06037199201,96.6,174,48.18,23
06037199202,76.3,88,45.48,15
06037199300,78.9,263,50.00,11.9
06037199400,93.3,163,54.08,30.5
06037199700,89.3,154,62.33,18
06037199801,99,345,65.32,17.4
06037199802,95.5,95,53.77,13.1
06037199900,97.9,159,56.03,21.1
06037201110,85.8,21,53.31,8.9
06037201120,88.1,122,37.28,13.6
06037201200,90.3,81,41.39,11.9
06037201301,87.6,94,29.29,15.6
06037201302,80.1,66,26.36,6.9
06037201401,90.5,61,67.83,28.4
06037201402,92.5,44,47.98,13.9
06037201501,91.6,87,57.03,13.1
06037201503,92.5,61,40.86,8.5
06037201504,92.1,36,53.20,13.5
06037201601,93.8,36,54.01,18.5
06037201602,92.2,52,38.57,10
06037201700,85.7,229,44.47,10.8
06037203100,98.4,107,48.05,19.2
06037203200,96.9,179,50.82,27.9
06037203300,87.9,76,61.36,36.8
06037203500,93.7,72,53.26,26
06037203601,99.6,35,67.32,27
06037203602,96.5,34,50.76,24.4
06037203710,98.2,78,46.32,21.7
06037203720,98.2,151,65.83,24.7
06037203800,98.2,133,53.68,21.4
06037203900,95.5,60,30.00,20.3
06037204110,98.1,53,68.10,30.1
06037204120,98.7,71,44.63,7.3
06037204200,98.7,120,55.22,31.2
06037204300,98.2,149,50.00,23.2
06037204410,97.2,106,57.35,26.7
06037204420,98,262,45.38,32.2
06037204600,96.2,96,63.04,20.3
06037204700,95.6,155,51.60,23.4
06037204810,99.1,198,62.32,17
06037204820,97.9,137,69.10,13.4
06037204910,95.5,54,50.75,26
06037204920,97.2,39,44.06,15.1
06037205110,99.6,242,60.62,24.2
06037205120,99.6,96,67.33,36
06037206010,85.7,140,59.11,25.6
06037206020,83.1,32,34.69,13
06037206050,94,144,42.78,18.7
06037206051,45.5,0,46.81,4.4
06037206052,73.3,77,48.56,12.9
06037206053,93.4,159,53.24,27.5
06037206054,99.8,72,44.07,40.9
06037206201,77.7,155,43.76,23.6
06037206202,87.9,121,60.47,42.2
06037206301,70.8,113,37.89,74
06037206302,80.1,106,41.67,67.5
06037206303,77.7,160,36.83,74.3
06037207101,83.3,143,58.37,26.4
06037207102,89.8,160,48.57,23.5
06037207103,89,93,56.05,25.8
06037207303,64,161,53.24,23
06037207304,90,220,48.05,43.8
06037207305,49.6,60,55.22,10
06037207306,61.8,118,50.89,20.7
06037207307,74.1,76,56.47,44.8
06037207308,48.8,63,50.00,9.1
06037207400,75.4,77,62.47,28.4
06037207501,76.1,61,37.65,11
06037207502,73.5,228,54.47,40.5
06037207711,64.4,91,40.62,7.7
06037207712,80.1,301,60.95,24.3
06037207901,76.7,156,39.32,30.8
06037207902,71.5,216,50.87,21
06037208001,85.9,322,50.59,17.8
06037208002,90.7,273,58.45,30.7
06037208301,95.8,287,52.70,38.8
06037208302,90.8,361,46.92,25.5
06037208401,96.3,518,54.08,20.8
06037208402,88.8,192,47.25,16.9
06037208501,89.3,97,44.24,17.2
06037208502,94.4,523,65.26,20.7
06037208610,92.5,292,45.62,15.7
06037208620,93.8,182,52.90,16.2
06037208710,93.8,513,50.39,15.5
06037208720,91.3,741,65.20,31.4
06037208801,87.5,414,54.83,23.8
06037208802,92.1,246,67.83,31.2
06037208902,98.9,552,60.09,44.5
06037208903,96.7,1170,51.71,45.4
06037208904,98.3,621,68.22,57.2
06037209103,98.6,555,66.64,46.4
06037209104,94,419,56.59,33.4
06037209105,100,464,67.23,49.3
06037209106,85.1,149,63.62,30.6
06037209201,81.4,194,67.89,24.2
06037209202,91.5,106,79.81,42.6
06037209300,93,649,67.30,48.2
06037209401,95,798,56.56,21.6
06037209402,96.5,875,51.24,29.1
06037209403,96.4,697,71.17,25.2
06037209510,95.2,245,68.24,27.1
06037209520,96.8,362,51.60,31.3
06037209810,92.7,234,60.30,35.8
06037209820,94.7,292,46.86,17.1
06037210010,95.8,410,53.36,36.8
06037211000,51.4,29,56.96,8.7
06037211121,87.5,80,61.86,21.9
06037211122,83,283,65.79,28.1
06037211123,85.6,157,51.05,18.4
06037211124,94.2,319,50.66,13.6
06037211201,90.4,209,53.57,29.2
06037211202,87.8,307,49.51,19.3
06037211310,87.1,527,65.30,27.1
06037211320,94,470,53.63,21.5
06037211410,91.7,175,70.77,10.4
06037211420,87.6,304,65.25,18.3
06037211500,60,44,59.16,4.6
06037211701,71.4,35,54.17,11.7
06037211703,93.4,597,60.56,13.1
06037211704,85.4,199,52.43,17.3
06037211802,86.2,571,64.29,21.3
06037211803,95,256,56.24,16.2
06037211804,84.8,157,55.13,31.6
06037211910,92.5,560,57.79,16.3
06037211921,96.1,215,61.79,24.2
06037211922,93.8,297,61.65,15.1
06037212101,84.2,274,57.53,22.2
06037212102,93.6,355,61.51,30.2
06037212202,99,653,59.62,26.3
06037212203,91.9,372,63.44,36.3
06037212204,95.2,407,58.27,31.8
06037212303,93.2,375,61.01,40.2
06037212304,84.6,279,60.05,24.8
06037212305,96.7,349,55.89,28.9
06037212306,90.8,161,69.97,29.9
06037212410,92.6,742,60.06,20.6
06037212420,91,562,66.09,23.1
06037212501,79.4,203,54.49,20.8
06037212502,83.6,496,58.65,15.8
06037212610,89,253,49.63,14.1
06037212620,90.7,251,59.88,28
06037212701,87.5,93,61.84,12
06037212702,78,121,61.84,8.1
06037212800,86.7,121,61.88,6.7
06037212900,88.8,271,51.28,14.7
06037213100,92.3,127,62.79,20.2
06037213201,96.6,300,65.41,24.2
06037213202,96.9,374,46.31,15.3
06037213310,96.6,194,44.63,24
06037213320,92.7,183,52.83,30.4
06037213401,98.4,648,54.45,20.2
06037213402,95.1,522,65.47,27.3
06037214000,17.9,22,55.80,11.7
06037214100,20.4,10,56.33,6.6
06037214400,35.8,52,43.77,8.9
06037214501,67.2,16,66.50,8.7
06037214503,53.2,34,60.77,18.9
06037214504,69.4,76,50.92,18.1
06037214505,46.2,0,67.79,10
06037214600,30.1,12,46.90,9.5
06037214700,30.3,0,57.58,9.5
06037214800,33.2,6,52.64,17.7
06037214902,26.9,0,53.04,12.1
06037214903,25.1,44,67.68,24.9
06037214904,17,0,48.86,2.3
06037215101,44.7,51,53.17,13.4
06037215102,47.9,101,46.10,11.9
06037216100,55.4,9,51.32,11.3
06037216201,58,41,60.33,18
06037216202,56.1,23,45.45,11.5
06037216301,23.3,0,67.62,10.5
06037216302,50.3,15,47.50,12.3
06037216401,34.9,73,52.79,9.5
06037216402,32.7,0,56.88,8.8
06037216700,62.7,52,46.15,8.9
06037216800,46.3,95,48.73,5.4
06037216901,64.1,71,43.95,9.7
06037216902,62.2,0,44.81,25.5
06037217001,23.4,0,48.12,5.1
06037217002,39.8,45,55.07,8.6
06037217101,84.7,148,37.68,17.8
06037217102,66.2,177,49.09,19.6
06037217200,76.1,300,51.93,17.3
06037218110,87.1,210,63.17,21.3
06037218120,94.9,257,41.99,28.2
06037218210,87,330,58.18,21.2
06037218220,84.3,295,55.91,10.8
06037218300,76.1,207,47.05,20.7
06037218400,85.4,170,55.71,11.9
06037218500,88.3,168,57.50,17.8
06037218600,85.4,56,53.77,11.2
06037218701,92.8,137,68.22,19.7
06037218702,90.8,255,53.21,12.6
06037218800,91.7,94,73.57,23.8
06037218900,92.7,83,50.00,17.5
06037219010,88.1,108,61.62,11.2
06037219020,91.1,149,66.32,29.3
06037219300,89.5,101,52.57,17.8
06037219500,88.4,93,38.36,6.7
06037219700,91.6,145,52.83,17.7
06037219800,91.2,163,33.43,10.6
06037219901,91,383,59.24,12.5
06037219902,83.1,258,53.06,16.2
06037220000,89.1,162,67.07,25.3
06037220100,93.3,10,42.01,14.7
06037221110,95.2,481,49.79,19.5
06037221120,99.4,211,60.70,29.4
06037221210,92.1,151,45.98,14
06037221220,95.8,266,58.31,22.9
06037221302,93.6,382,68.66,30.9
06037221303,91.8,353,50.16,33.5
06037221304,96.6,188,56.56,12.4
06037221401,88.6,244,68.07,17.1
06037221402,90.8,59,53.48,22.1
06037221500,86.7,174,55.71,33.5
06037221601,94,235,51.46,24.4
06037221602,96.1,236,58.80,18.4
06037221710,90.3,175,59.84,34.1
06037221810,88.6,196,64.18,41.1
06037221820,64.5,64,68.17,51.7
06037221900,72.2,98,71.89,59.1
06037222001,90.6,92,50.00,18.4
06037222002,93.7,367,60.26,18.9
06037222100,92,278,61.46,14.5
06037222200,91.4,111,56.29,16
06037222500,97.9,198,45.26,12.8
06037222600,89,134,50.33,39.2
06037222700,65.2,76,66.67,61.9
06037224010,88.4,96,55.39,30.9
06037224020,95.3,235,68.52,37.6
06037224200,95.7,185,56.43,20.9
06037224310,86.1,154,39.45,22.2
06037224320,100,307,58.81,37.7
06037224410,75.8,345,70.86,42.9
06037224420,93.6,208,64.78,35.9
06037224600,95.4,255,61.75,24.8
06037224701,68.6,56,57.29,42.9
06037224702,59.8,27,63.37,77.8
06037226001,97.7,142,79.69,34.4
06037226002,76,108,52.30,29.5
06037226410,100,316,56.95,33
06037226420,99.6,391,72.61,25.9
06037226701,100,101,57.62,31.8
06037226702,99.5,306,35.88,28.1
06037227010,98.5,206,55.66,33.2
06037227020,99.7,206,64.33,16.8
06037228100,93.6,233,66.56,33.6
06037228210,99.9,218,79.42,21
06037228220,98.6,233,66.49,28.2
06037228310,99.6,339,63.89,30.9
06037228320,99.5,156,58.93,30.7
06037228410,99.5,248,61.08,20.8
06037228420,100,176,55.53,22.5
06037228500,99.4,387,68.19,43.9
06037228600,100,165,68.14,24.9
06037228710,98.9,205,63.73,20.6
06037228720,99.7,212,58.63,27
06037228800,99.8,225,76.64,24.7
06037228900,99.9,164,54.43,30.7
06037229100,99,320,68.55,25.7
06037229200,99.9,153,73.46,22.1
06037229300,95.6,426,59.13,25.1
06037229410,99.5,108,75.26,22.6
06037229420,99.8,200,60.52,26.6
06037231100,91.2,228,56.78,38.6
06037231210,96.9,314,56.99,32.1
06037231220,97.7,120,62.70,25.9
06037231301,97.7,73,70.97,22.4
06037231302,91.9,86,63.91,12.2
06037231400,95.6,263,61.77,25.6
06037231500,97.6,315,51.77,17.6
06037231601,97.4,130,51.11,17.1
06037231602,95.2,27,50.84,15.2
06037231603,99.4,157,47.76,32.9
06037231710,99.1,310,59.15,29.9
06037231720,97.9,453,59.27,33.6
06037231800,99.6,444,57.22,23.8
06037231901,100,222,46.36,12.6
06037231902,98.8,186,67.11,44.8
06037232110,99.5,243,58.94,24.9
06037232120,99.2,73,57.74,24.2
06037232200,98.3,75,38.13,16.9
06037232300,97,186,37.90,17
06037232401,94.5,78,74.91,14.8
06037232402,94.4,146,45.35,28.5
06037232500,98,141,66.18,16.1
06037232601,100,89,48.86,16.7
06037232602,98.9,209,53.70,20.6
06037232701,99.4,47,62.84,20.3
06037232702,96.1,293,62.34,23.2
06037232800,99.2,120,58.35,23.2
06037234001,90.9,105,29.24,4.8
06037234002,95.8,158,65.10,16.2
06037234200,94.3,174,50.23,11.2
06037234301,94.3,54,82.58,13
06037234302,99.6,75,67.79,19.2
06037234501,93.6,22,50.78,7.7
06037234502,95.9,61,62.30,29.6
06037234600,97,62,81.45,15.1
06037234700,96.8,42,60.99,20.3
06037234800,95.5,85,45.14,7.6
06037234901,98.2,238,41.55,27
06037234902,94,383,75.73,24.2
06037235100,90.1,41,59.04,10.6
06037235201,96.2,17,82.37,18.1
06037235202,94.3,253,68.55,26.8
06037236001,68,87,42.24,6.5
06037236101,97.3,86,77.61,22.1
06037236102,95.6,159,58.07,28.7
06037236203,96.1,178,78.14,31.8
06037236204,98,242,64.41,14.3
06037236205,97.9,148,60.76,33.3
06037236206,99,97,45.80,15.3
06037236400,91.7,239,46.77,7.2
06037237101,99,206,56.14,15.4
06037237102,99.2,62,53.49,29.5
06037237201,97.8,116,47.47,26.7
06037237202,97.6,124,90.52,30.7
06037237300,97.7,71,61.57,13.4
06037237401,98.5,173,65.10,31.5
06037237402,96.5,173,46.01,3.2
06037237500,98,153,70.32,34
06037237600,99.8,192,53.98,24
06037237710,98.7,134,66.12,35.9
06037237720,100,48,60.18,23.8
06037237800,97.9,105,86.94,25.6
06037237900,94.2,61,49.55,17.4
06037238000,97.1,14,78.01,13.6
06037238100,96.5,58,54.74,17.6
06037238200,97.8,183,56.64,19.4
06037238310,98.8,287,63.69,29.3
06037238320,97.8,246,54.07,38.4
06037238400,98.4,15,60.93,13.6
06037239201,99.3,149,61.36,25.3
06037239202,99.1,387,43.49,15.6
06037239310,99.9,222,46.33,23.5
06037239320,100,143,53.47,21.4
06037239330,100,141,52.91,28.8
06037239501,98.9,161,58.94,22.6
06037239502,99.7,139,68.43,17.5
06037239601,99.4,240,49.15,20.6
06037239602,99.7,95,63.35,35.4
06037239701,99.8,180,62.70,33.6
06037239702,98.9,188,60.37,28.2
06037239801,99.4,199,61.65,24.6
06037239802,98.2,100,65.33,21.8
06037240010,99.7,137,66.98,34.3
06037240020,99.9,299,78.09,23.8
06037240200,99.3,236,66.70,33.7
06037240301,96,137,49.51,27
06037240302,99.7,32,74.49,28.3
06037240401,99,346,72.04,27
06037240402,97.2,71,56.01,27
06037240500,99.3,403,59.41,32.2
06037240600,99.9,106,53.46,19
06037240700,99.6,150,70.92,18.8
06037240800,99.9,324,64.57,25
06037240901,100,31,67.33,28.8
06037240902,99.7,91,63.48,34.6
06037241001,99.2,122,49.22,20.8
06037241002,99.1,64,66.98,25.3
06037241110,99.2,110,68.01,14.6
06037241120,98,269,74.61,35.6
06037241201,99.2,90,80.36,20.1
06037241202,97.1,139,76.13,27
06037241300,98,86,72.63,23.8
06037241400,98.5,170,58.49,13.3
06037242000,98.5,19,66.15,21.9
06037242100,100,59,43.15,42.4
06037242201,100,69,56.47,19.9
06037242202,99.6,212,60.56,27.7
06037242300,99.6,204,54.53,26.4
06037242600,99.9,168,55.66,52.2
06037242700,98.1,178,61.39,18.4
06037243001,100,109,80.59,18.5
06037243002,99.1,79,39.89,5.3
06037243100,98.1,52,71.87,41.7
06037261102,16.8,0,48.06,5.7
06037261103,20.5,7,44.54,5.7
06037261104,19.3,0,45.56,8.1
06037261200,29.4,0,46.35,7.4
06037262100,21.4,0,33.59,3.6
06037262200,30,33,48.88,5.7
06037262301,31.6,0,47.73,5.6
06037262302,16.7,0,24.59,8.2
06037262303,10.8,0,0.00,3.4
06037262400,19.9,0,71.32,2.4
06037262501,10.4,0,49.22,2.7
06037262601,21.7,0,1.22,5.3
06037262604,22.1,0,43.84,8.5
06037262704,24.5,0,46.73,3.7
06037262706,13.8,0,47.31,3
06037262802,17.2,52,57.35,7.2
06037264000,15.5,0,53.88,4.8
06037264102,32.5,0,31.75,8.1
06037264103,27.1,87,35.15,5.4
06037264303,26.6,62,39.07,5
06037264304,26.9,101,41.85,3.3
06037264305,30.3,43,40.53,7.8
06037264306,26.9,0,52.21,4.4
06037265100,19,0,73.70,12
06037265201,33.6,30,69.35,10
06037265203,32.4,22,62.41,14.4
06037265204,46,0,55.22,35
06037265301,72.5,136,-1.00,-1
06037265303,70.5,41,78.83,62.4
06037265304,64.5,55,87.15,73.7
06037265306,66.8,0,70.00,64.1
06037265307,62.4,68,73.70,40.8
06037265410,17.8,36,52.94,4.7
06037265420,28.5,7,52.94,6.4
06037265521,47.6,26,52.88,15.9
06037265522,60.2,67,64.67,15.2
06037265523,45.9,21,72.34,5.9
06037265524,36.2,32,55.62,4.4
06037265601,26.2,0,54.09,11.5
06037265602,21.6,0,59.83,16.8
06037265701,37.2,10,38.40,5.8
06037265702,14.3,10,81.45,10.9
06037267101,35.5,12,55.57,5.6
06037267102,39.9,15,51.59,12.2
06037267201,44.3,62,52.99,5.4
06037267202,34.4,133,54.33,11.6
06037267300,63.5,188,36.73,14.1
06037267403,38.8,141,48.27,14.6
06037267404,48.7,112,65.56,22
06037267405,37.1,113,44.77,10.9
06037267406,40.9,40,50.55,7.4
06037267502,44.7,198,52.72,9.8
06037267503,42.6,134,45.81,17.1
06037267504,58.9,144,53.15,8.8
06037267600,58.7,77,48.28,11.1
06037267700,56.6,24,47.62,7.9
06037267800,43.7,77,55.49,4.9
06037267901,39.7,15,42.59,10.6
06037267902,34.6,12,40.56,6.7
06037269000,40,73,35.10,2.2
06037269100,27.8,63,58.67,13
06037269300,23.1,61,54.73,3.4
06037269500,21.8,13,0.00,0.5
06037269601,88.1,119,63.92,9.6
06037269602,58.1,103,51.68,22
06037269700,46.3,83,34.55,7.7
06037269800,58.3,87,41.76,10
06037269903,66.8,73,49.46,17.6
06037269905,49.3,109,45.02,7.9
06037269906,57.9,174,33.27,3.4
06037269907,60.4,195,40.67,11
06037269908,70.1,159,40.68,5.1
06037269909,61.3,84,42.06,5
06037270101,43.5,53,48.65,6.8
06037270102,64.8,22,41.26,10.4
06037270200,72.6,82,61.27,13.3
06037270300,74.9,16,46.41,8.3
06037271100,51.6,39,63.81,9
06037271200,65.5,65,45.07,6.1
06037271300,55.1,56,61.52,10.1
06037271400,29.1,10,52.80,0.6
06037271500,37.9,4,55.58,11
06037271600,61,162,39.16,11.9
06037271702,68.1,112,49.27,12
06037271703,49.6,130,35.68,6.6
06037271704,48.2,55,29.29,6.3
06037271801,65.4,237,63.37,16.3
06037271803,62.2,324,50.85,11.9
06037271804,40.1,123,56.88,4.8
06037271901,59.9,44,39.35,6
06037271902,48.6,68,45.17,8.3
06037272100,41.4,61,53.36,3
06037272201,40,104,47.97,8.8
06037272202,51,44,46.54,7.6
06037272301,43.7,10,42.79,6.5
06037272302,59.4,169,44.65,9.4
06037273100,34.1,38,40.30,9.7
06037273200,42.4,11,38.74,8.6
06037273300,36.7,91,57.49,16.1
06037273403,30.4,45,50.56,21.5
06037273404,17.9,0,72.22,9.1
06037273502,23.9,66,39.18,8.1
06037273600,24.6,0,59.22,3.9
06037273700,31.7,26,47.85,4.3
06037273800,38.1,79,55.90,9.8
06037273902,33.9,23,50.88,15.9
06037274100,42.9,0,70.76,9.5
06037274202,35.8,26,47.88,9.5
06037275101,44.1,10,43.06,3.3
06037275102,82.2,29,50.06,20
06037275200,70.7,43,36.34,5.4
06037275311,53.9,25,53.74,8.8
06037275312,22.7,0,50.08,2.4
06037275313,44.9,0,50.87,16.7
06037275400,38.2,24,46.11,10.9
06037275500,82.6,94,49.43,21.9
06037275603,59.3,42,50.29,5.7
06037275604,43.1,0,49.43,6.1
06037275605,62.4,0,46.26,15.3
06037276000,43.8,0,38.67,5
06037276101,70,16,51.51,8.3
06037276102,83.1,34,57.24,12.8
06037276400,36.9,19,31.61,6.8
06037276500,50,6,67.02,19.5
06037276601,35.6,12,47.47,6.1
06037276605,23.6,13,45.41,4.1
06037276606,51.1,34,50.85,3.3
06037276607,49.3,14,60.52,20.1
06037276608,44.5,0,60.36,12.8
06037277000,42.8,15,64.46,7
06037277100,50.3,33,40.78,4.7
06037277200,74.8,17,77.98,12.3
06037277400,-1,0,-1.00,-1
06037278001,57.9,11,50.94,14.6
06037278102,28.4,16,29.32,4.6
06037291110,99.2,134,43.76,23.6
06037291120,98.4,32,52.04,10
06037291130,96.1,23,32.51,8.5
06037291210,91.2,12,48.34,11.7
06037291220,94.1,40,52.80,20.4
06037291300,90.7,96,33.05,6.7
06037292001,95.2,57,66.85,32.9
06037292002,77.2,0,55.38,10.8
06037293203,88.2,0,70.23,14.2
06037293204,90.8,9,34.30,6.5
06037293205,93.4,52,70.36,12.2
06037293206,90.8,0,63.83,23.3
06037293301,73.5,5,55.97,3.3
06037293302,83.7,47,60.22,8.8
06037293304,83.8,110,58.98,14.5
06037293306,66.1,12,38.26,4.5
06037293307,86.3,19,59.62,14.8
06037294110,90.9,0,57.02,16.4
06037294120,99.6,27,54.87,19.5
06037294200,94.2,23,63.53,15.5
06037294301,94.2,10,76.67,2.5
06037294302,96.3,86,62.18,11.2
06037294410,89.8,31,49.30,20.2
06037294421,90.9,32,55.52,18
06037294510,96.6,59,59.83,23.9
06037294520,97.2,49,61.84,17.6
06037294610,97.9,36,46.62,14.5
06037294620,99.2,21,36.57,4.7
06037294701,94.4,62,73.52,32.3
06037294810,98.5,35,62.07,20.2
06037294820,98.5,33,69.71,45.5
06037294830,95.3,76,53.16,18.8
06037294900,97.8,90,58.16,32.2
06037295103,50.7,12,59.29,3.6
06037296210,92.1,50,61.17,18.4
06037296220,88.1,126,53.80,24
06037296300,68,0,55.83,6.7
06037296401,51,0,51.03,12.2
06037296402,60.4,0,48.25,2.4
06037296500,86.2,129,51.05,13
06037296600,85.8,247,61.64,25.6
06037296901,82.2,36,50.37,16.1
06037296902,77.4,175,61.39,17.8
06037297001,44.9,35,61.96,10.6
06037297002,57.1,53,32.10,8.9
06037297110,78.7,129,64.44,33.6
06037297120,82.5,92,63.80,19.9
06037297201,74.3,135,57.19,14.6
06037297202,58.8,71,39.37,10.7
06037297300,47.9,13,54.48,4
06037297400,41.5,29,32.86,8.8
06037297501,50.8,0,34.22,5.1
06037297502,51.8,39,57.92,8.9
06037297601,61.1,17,58.94,2.2
06037297602,59,0,44.66,12.8
06037300100,45,0,26.91,4.7
06037300200,53.2,15,49.39,2.6
06037300301,35.1,0,57.47,3.6
06037300400,58.7,0,55.79,1
06037300501,62.8,15,80.58,4.4
06037300503,57.6,0,62.85,12
06037300601,44.4,45,71.10,16.8
06037300602,37.5,0,60.80,6.1
06037300701,28.1,0,68.77,12.4
06037300702,20.4,0,48.37,3.1
06037300800,40.8,16,58.17,3.4
06037300901,32,0,70.83,2.8
06037300902,32.9,0,48.21,3.6
06037301000,38.6,10,49.66,6.1
06037301100,23.1,41,76.74,5.4
06037301203,30,8,52.81,16.3
06037301204,32.5,195,62.03,14.7
06037301205,21,25,87.76,3.9
06037301206,28.5,31,52.05,9.4
06037301300,18.2,0,0.00,3.6
06037301400,25.8,6,37.68,3.2
06037301501,24.9,0,52.69,4.1
06037301502,19.6,176,64.75,20.3
06037301601,27.3,33,65.41,22.4
06037301602,63.6,27,60.58,10.9
06037301701,39.2,26,45.53,18
06037301702,48,7,55.28,17.1
06037301801,36.5,77,67.97,23.5
06037301802,45.6,64,56.57,18.5
06037301901,19.6,0,41.19,12.6
06037301902,21.6,0,65.18,21.9
06037302002,42,66,64.31,27.3
06037302003,26.5,7,48.88,18.9
06037302004,37,80,60.94,19
06037302102,41.8,54,40.55,8.7
06037302103,38.2,0,55.65,19.7
06037302104,59.4,79,58.66,10
06037302201,30,92,64.11,20.4
06037302202,36.9,220,68.35,30.5
06037302301,52.1,22,55.56,16.6
06037302302,64.1,126,63.17,20
06037302401,60,94,54.51,11.3
06037302503,41.3,29,64.90,19
06037302504,45.8,156,68.95,23.1
06037302505,40.5,59,59.17,16.4
06037302506,42.6,19,71.46,18.7
06037310100,32.3,82,76.92,5.2
06037310201,38.6,18,68.33,5
06037310202,31.4,35,64.31,13.7
06037310300,32.1,23,54.69,4.5
06037310400,44.9,0,55.07,12.7
06037310501,71.9,111,46.43,15.8
06037310601,56.6,57,61.37,17.8
06037310602,29.3,23,61.70,7.9
06037310701,37.7,0,47.62,34.6
06037310703,30.7,13,65.79,12.7
06037310704,41.5,0,70.74,19.7
06037310705,53.2,127,65.00,17.6
06037310800,42.9,14,71.20,13.4
06037310900,54.3,32,55.87,5.8
06037311000,53.7,53,43.89,9.9
06037311100,47.8,14,28.76,11.4
06037311200,38.4,0,55.72,5.1
06037311300,48.1,0,50.52,5.8
06037311400,30.9,37,27.33,3.9
06037311500,56.1,31,52.57,8.4
06037311601,64.4,0,39.73,6.5
06037311602,45.6,63,51.36,11.9
06037311700,43.6,0,46.51,8.1
06037311801,48.8,74,48.05,13.3
06037311802,62,30,42.70,5
06037320101,93.1,48,76.88,8.3
06037320102,97,9,61.32,12.9
06037320201,97.4,94,57.76,15
06037320202,93.1,75,75.07,7.4
06037320300,97,21,66.98,10.4
06037400205,55,29,71.88,1.1
06037400206,49.3,83,41.71,1.7
06037400207,49.8,0,58.60,2.5
06037400208,30.2,0,100.00,0
06037400209,51.8,33,30.32,4.3
06037400304,70.6,2,65.68,10.3
06037400402,53.4,54,51.17,4.3
06037400403,60.6,46,56.16,10.2
06037400404,33.2,100,7.62,1.5
06037400501,31.6,9,38.64,3.4
06037400602,86.6,117,42.40,11.5
06037400603,73.5,47,37.74,5.7
06037400605,76,93,54.31,10.1
06037400801,59.2,47,43.42,6.4
06037401001,46.1,31,80.83,3.4
06037401002,54.3,62,54.03,8.1
06037401101,67.9,38,54.48,7.8
06037401102,58.3,33,40.45,5.2
06037401201,64,81,35.09,6.8
06037401202,61.3,49,45.42,6.4
06037401203,66.6,64,71.18,13.7
06037401303,63.9,5,55.48,4
06037401304,69.9,0,54.35,6.6
06037401311,54.5,0,38.08,9.8
06037401312,63.9,49,74.92,4.6
06037401500,71.4,27,43.99,11.3
06037401601,49.1,0,40.99,9.1
06037401602,57.4,22,51.20,10.7
06037401705,61.8,10,73.68,8.6
06037401706,73.7,59,69.22,16.6
06037401707,83.2,60,60.40,14.8
06037401801,53.7,7,27.01,2.6
06037401802,55.6,29,42.11,4.7
06037401901,63.5,43,30.23,2.3
06037401902,34.5,55,54.69,5
06037402001,72.3,3,57.32,16.2
06037402002,54.5,12,71.72,8.8
06037402101,97.3,20,37.98,15.9
06037402102,92.1,56,47.60,9.9
06037402200,84.2,60,65.34,6
06037402301,88.7,175,51.12,18
06037402303,92,17,66.61,16.9
06037402304,96.7,110,54.93,22.4
06037402403,84.7,13,55.98,8.5
06037402404,62.2,0,0.00,0
06037402405,97.7,8,50.68,13.3
06037402406,93.3,21,42.57,16.3
06037402501,98.2,29,50.40,14.8
06037402503,97.4,83,55.74,16.6
06037402504,96.9,0,64.60,24
06037402601,81.1,29,53.59,19.1
06037402602,78.3,0,27.09,6.1
06037402702,96.1,117,55.25,33
06037402703,92.6,14,70.71,11.3
06037402705,89.7,0,37.71,7.9
06037402706,88.9,18,43.65,17.9
06037402801,96.9,30,55.16,13.5
06037402803,98.4,0,60.66,10.8
06037402804,97.9,0,63.59,15
06037402902,89,50,47.47,10.5
06037402903,97.8,0,46.56,15.1
06037402904,96.5,0,73.50,15.6
06037403000,93.4,68,51.09,7.8
06037403305,96.1,6,67.27,9.4
06037403316,82,0,64.09,10.1
06037403317,82,28,44.19,5.4
06037403318,81.3,28,37.73,6.7
06037403319,86.3,47,57.96,13
06037403320,87.3,92,30.22,8
06037403321,80.9,30,75.20,13.4
06037403323,93.3,0,75.60,5.5
06037403324,92.2,95,49.35,12.8
06037403325,85.5,9,57.77,8.9
06037403326,92.4,6,54.97,4.5
06037403327,77.7,18,28.07,1.5
06037403328,86.6,35,52.25,8.3
06037403401,92.1,18,50.15,11.2
06037403402,90.7,48,72.83,5.6
06037403403,93.6,50,28.82,13.1
06037403404,87.4,7,65.15,9.8
06037403407,88.7,12,58.18,6.1
06037403408,93.5,87,29.46,6.7
06037403409,86.3,78,54.14,5.2
06037403500,77.9,0,55.56,6.9
06037403601,79.7,44,28.06,8.7
06037403702,64,27,28.00,2.2
06037403703,63.9,31,51.88,6.4
06037403721,80.2,18,69.84,8.5
06037403722,87.9,58,68.97,13.5
06037403801,82.6,51,38.52,9.6
06037403802,74.3,66,58.94,15.6
06037403901,60.6,100,46.38,11.2
06037403902,71.3,21,50.43,12.4
06037404000,80,48,41.76,4.8
06037404100,91.5,9,72.13,9.7
06037404201,91,24,73.52,19.4
06037404203,82.9,75,52.98,11.3
06037404301,94.6,79,45.53,22.2
06037404302,85.6,39,59.38,2.8
06037404401,84.5,43,42.86,13.7
06037404402,94.4,56,42.36,6
06037404501,95.1,0,64.44,17.8
06037404503,94.3,30,47.26,6.6
06037404504,96.4,307,42.64,17.1
06037404600,94.5,13,52.63,6.3
06037404701,97.2,52,47.20,13.4
06037404702,97.6,93,37.13,14.7
06037404703,98.8,67,46.80,11.9
06037404804,93.7,33,53.14,16.1
06037404805,96.6,61,42.25,16.6
06037404806,96.3,40,64.89,12.5
06037404901,98,92,46.35,11.6
06037404902,97,61,47.42,9.9
06037404903,97.6,38,41.92,9.6
06037405001,97.5,80,72.00,12.8
06037405002,96.8,104,66.14,10.6
06037405101,97.2,66,58.74,21.2
06037405102,98.5,76,59.07,12.1
06037405201,97,17,58.97,8.5
06037405202,98,48,55.26,8.1
06037405203,90.8,7,63.89,22.1
06037405301,84.6,11,60.82,13
06037405302,88.9,64,49.43,8
06037405400,90.9,44,24.58,4.9
06037405500,90.3,62,54.39,12.5
06037405600,92.7,66,58.26,11.1
06037405701,88,48,58.56,14.1
06037405702,86.6,49,28.54,9.7
06037405800,87.7,41,44.17,6.7
06037405900,82.9,19,64.89,7.5
06037406000,84.4,19,43.56,6.5
06037406101,81,38,55.04,2.9
06037406103,80.5,121,47.15,10.7
06037406201,95.1,63,65.80,19
06037406300,81,17,48.17,6.4
06037406413,85.7,16,62.08,6.6
06037406500,94.6,157,68.36,11.5
06037406601,86.3,41,51.37,7
06037406602,90.1,19,37.60,11.8
06037406701,95,13,69.61,6.2
06037406702,81.8,43,61.56,8.8
06037406801,90.2,15,53.59,8.8
06037406903,97.5,15,75.18,16.9
06037407001,96.6,68,41.80,8.4
06037407002,97.2,36,43.59,7.3
06037407101,98.6,40,56.09,15.6
06037407102,98.7,30,59.86,7.3
06037407201,97.8,42,44.41,7.7
06037407202,95.4,0,37.50,14.3
06037407301,95.8,83,76.11,6.4
06037407302,97.4,31,70.89,15.7
06037407400,96.9,1,70.27,2.8
06037407501,97.1,32,60.74,9.7
06037407502,95,60,40.43,7
06037407601,97.9,18,45.05,7.6
06037407602,93.8,90,51.34,10.8
06037407701,98.7,132,53.26,12.2
06037407702,97.1,71,43.75,6.5
06037407801,87.2,35,18.75,9.3
06037407802,95.9,48,25.14,5.7
06037407901,91.1,28,66.36,5.1
06037407902,94.4,46,76.98,7.6
06037408003,96,27,22.43,10.3
06037408004,92.8,11,46.97,14.2
06037408005,87.6,39,24.25,5.7
06037408006,93.1,99,57.03,8.9
06037408133,96.2,103,49.10,7.9
06037408134,89.5,18,37.93,11.3
06037408135,91.3,44,38.22,19.2
06037408136,93.7,39,31.15,7.8
06037408137,95.4,26,50.69,12.2
06037408138,96.4,91,44.14,6.1
06037408139,99.8,24,47.06,12.6
06037408140,99.3,27,35.74,11.2
06037408141,98.1,13,53.21,22
06037408212,95.3,0,37.63,9.9
06037408213,95.3,101,50.00,13.7
06037408301,97.6,104,63.20,15.6
06037408302,92.3,0,46.79,9
06037408303,93.3,39,56.30,5.8
06037408401,91.7,60,45.15,11.9
06037408402,76.7,58,33.45,11.6
06037408503,84.8,0,48.18,4.6
06037408504,88.1,62,40.42,9.7
06037408505,91.2,3,45.00,13.9
06037408623,87.2,44,35.83,6.8
06037408624,84.1,0,50.00,11.3
06037408625,88,82,56.16,6.5
06037408626,94.2,0,54.18,8.2
06037408627,91.3,14,38.52,9.5
06037408628,94.7,97,54.85,12.1
06037408629,87.5,0,43.87,13
06037408631,89.1,157,54.30,16.8
06037408703,91.3,13,39.34,10.8
06037408705,92.6,23,61.12,11
06037408707,86.7,28,18.08,5.6
06037408722,90.7,19,91.35,13.8
06037408724,98.7,244,43.02,14.8
06037408725,92.2,0,57.93,12.9
06037408800,90.8,34,58.02,18.7
06037408900,58.9,23,43.28,8.8
06037409000,86.2,159,47.75,21.8
06037409100,93,121,44.33,16.5
06037430003,63.9,7,40.61,3.3
06037430004,70.5,27,52.04,5.9
06037430005,86.8,15,32.37,5
06037430101,73.8,106,58.84,14.4
06037430102,89.4,53,58.86,9.4
06037430200,42.2,22,71.27,4.6
06037430301,46.9,49,26.27,5.1
06037430302,46.2,24,46.73,8.9
06037430400,75.8,11,34.68,3.5
06037430501,38.9,194,26.97,3.6
06037430502,48,89,45.62,5.7
06037430600,68.3,0,1.67,7.4
06037430701,71.4,39,47.46,5.6
06037430721,74,56,49.76,11
06037430723,82.6,60,63.34,7.3
06037430724,82.1,120,36.97,9.3
06037430801,90.8,21,50.65,11.9
06037430802,86.6,38,55.61,6.3
06037430803,86.4,23,57.64,5.4
06037430901,82.5,83,51.18,10.8
06037430902,79,64,48.89,5.8
06037431002,59.5,41,69.03,8.5
06037431003,81.6,0,48.04,26.1
06037431004,70.5,23,37.78,4.2
06037431100,83.8,126,59.16,10.7
06037431200,88.9,46,29.19,6.7
06037431300,71.1,50,44.76,7.9
06037431400,82.5,122,60.06,9
06037431501,82.7,105,52.54,10.2
06037431502,82.8,16,43.13,12.3
06037431600,84.7,12,69.88,5.4
06037431701,75.8,31,50.08,6
06037431800,77.5,47,59.84,5.4
06037431900,85.3,42,52.32,8.2
06037432001,82.8,27,49.69,4.2
06037432002,82.8,120,50.26,11.3
06037432101,90.1,82,25.63,6.5
06037432102,87.9,94,38.91,6.4
06037432201,90,101,66.54,8.5
06037432202,95.8,11,37.26,8
06037432300,93.6,90,50.11,9.2
06037432401,97.1,73,46.95,12.6
06037432402,95.6,25,65.09,18.6
06037432501,94.1,64,40.95,15
06037432502,95.3,73,37.93,4.8
06037432601,95.8,182,60.10,22.1
06037432602,98,85,74.62,14.8
06037432700,95.1,142,46.80,20.5
06037432801,99.7,9,58.83,28.6
06037432802,98.2,219,55.40,23.8
06037432901,98.1,8,62.90,17.9
06037432902,95,4,50.96,9.2
06037433103,97.6,114,63.22,13
06037433200,95,31,63.69,14.6
06037433302,99.3,33,42.22,2
06037433304,96.5,24,64.41,23.5
06037433305,97.9,19,59.80,17
06037433306,96.2,11,46.38,18.6
06037433307,99.1,56,52.68,18.3
06037433402,98.4,57,47.04,12.7
06037433403,98.2,75,62.39,21.7
06037433505,99.4,62,52.44,12.9
06037433506,99.9,8,63.95,27.3
06037433601,97.5,89,48.28,6.3
06037433602,96.6,0,61.47,21.7
06037433803,97.6,0,73.30,23.9
06037433804,97.8,109,65.75,37.5
06037433901,95.9,276,59.25,21.2
06037433903,96,64,66.42,27.1
06037434001,98.7,26,67.78,15.6
06037434003,98.2,38,48.99,14.3
06037434004,91.9,7,46.31,11.7
06037434100,96.8,96,63.14,15
06037460001,30.5,0,61.54,1.8
06037460002,51.5,34,48.66,2.4
06037460101,37.8,10,78.65,3.3
06037460200,67.4,0,63.39,9.7
06037460301,69.6,49,28.29,4.5
06037460302,78.2,154,40.22,5.8
06037460401,78.4,55,59.85,6.8
06037460501,51.9,25,26.85,2.9
06037460502,43.8,0,13.01,2
06037460601,47,52,65.43,3.2
06037460700,42.6,11,32.90,6.3
06037460800,36,0,19.74,1.3
06037460900,78.1,91,43.98,21.2
06037461000,85.6,37,58.84,10.2
06037461100,60.8,45,56.48,10.4
06037461200,41.8,2,49.78,2.5
06037461300,28.6,0,54.04,11.4
06037461400,45,48,56.96,10.4
06037461501,71.5,73,58.60,11
06037461502,82.3,133,60.58,18.1
06037461600,84.2,58,54.28,14.1
06037461700,46.2,24,72.86,4.2
06037461901,85.2,287,54.83,30.6
06037461902,58.1,125,47.49,29
06037462001,91,395,32.48,18.1
06037462002,89.5,65,65.52,39.1
06037462100,77.1,175,43.19,7.4
06037462201,66.6,74,61.43,31.9
06037462202,60.4,56,47.61,15.7
06037462301,76.7,97,50.54,11.3
06037462302,68.4,152,55.62,18.3
06037462400,58.8,55,36.13,12.9
06037462500,60.8,67,35.12,2.8
06037462600,44.5,5,26.07,9
06037462700,70,95,57.27,17.9
06037462800,62.7,60,51.39,12.9
06037462900,68.2,49,49.65,5.7
06037463000,62,38,40.64,8.4
06037463103,73.7,98,50.99,6.5
06037463200,66.2,53,54.70,10
06037463300,57.6,25,46.88,6.6
06037463400,65.8,81,44.77,8.9
06037463500,55.1,100,47.26,10.9
06037463601,53.5,95,41.34,11.7
06037463602,62.2,150,40.04,17.7
06037463700,39.3,62,28.19,5.5
06037463800,49.2,7,36.90,2.5
06037463900,41.3,13,54.44,5
06037464000,48.7,130,25.03,4
06037464101,76.4,0,16.22,2.3
06037464102,77.7,206,18.61,9.4
06037464200,83.1,53,61.15,4.4
06037480002,84.5,0,31.00,9.7
06037480011,85.8,192,62.16,17.2
06037480012,84.5,95,48.59,9.8
06037480101,89.2,42,59.34,11.9
06037480102,80.3,24,29.40,8.7
06037480201,74.9,66,61.64,2.7
06037480202,77.5,25,41.53,5
06037480302,86.3,87,41.51,12.4
06037480303,93.6,39,39.89,7.1
06037480304,92.8,20,51.28,11
06037480400,83.9,0,62.60,12.4
06037480500,50.4,60,47.65,2.5
06037480601,65.4,75,39.04,7.3
06037480602,51.7,221,35.97,2
06037480702,75,87,48.09,3.1
06037480703,61.1,13,36.49,9
06037480704,73.3,49,38.41,8
06037480802,92.3,48,58.66,15.1
06037480803,83.8,0,58.25,11.6
06037480804,91,45,44.44,9
06037480901,94.5,64,50.36,19.8
06037480902,96.4,61,55.47,24.7
06037480903,91.6,34,44.99,14.9
06037481001,88.2,72,59.93,16
06037481002,86.7,41,51.88,11.4
06037481101,84.1,28,46.52,13.7
06037481102,86.9,73,50.13,11.5
06037481103,97.1,39,41.95,16.7
06037481201,93.4,36,58.71,17.5
06037481203,91.7,143,62.80,7.6
06037481300,96.8,12,56.58,6.4
06037481401,94.1,39,45.75,15.7
06037481403,94,0,42.25,18
06037481404,97.3,62,49.17,10.4
06037481500,96.2,36,63.54,12
06037481603,94,77,42.63,9.7
06037481604,96.7,97,51.77,8.1
06037481605,98,0,40.52,13.3
06037481606,97.4,83,54.95,15.9
06037481711,97.3,116,59.20,14.3
06037481712,98.5,118,66.37,22
06037481713,94.5,17,38.29,17.1
06037481714,98.2,49,59.16,32.4
06037481800,89,18,20.00,3.9
06037481901,90.7,74,50.43,6.5
06037481902,92,142,53.64,10.5
06037482001,92.3,0,23.39,4.1
06037482002,89.1,56,56.58,9.5
06037482101,96.4,61,52.00,12.4
06037482102,91.2,50,38.63,7.3
06037482201,96.5,24,47.11,19
06037482202,96.5,80,57.47,13.2
06037482301,95.9,50,55.11,14.5
06037482303,98.2,0,65.03,17.4
06037482304,94.9,130,46.35,20.6
06037482401,99.3,23,55.22,13
06037482403,99.8,0,67.64,22.8
06037482404,91.6,29,32.58,3.7
06037482502,96.5,13,50.11,21.7
06037482503,99.1,9,46.42,16.6
06037482521,91.5,23,41.09,7.5
06037482522,95.3,0,53.42,5.2
06037482600,89.8,11,68.29,4.8
06037482701,95.1,123,45.70,11.9
06037482702,96,17,44.44,7.7
06037482801,93,23,40.37,13
06037500100,62.9,27,100.00,1.9
06037500202,56.6,1,52.15,3.5
06037500203,58.4,0,56.20,2.6
06037500204,34.7,6,4.96,5.3
06037500300,77.9,10,54.07,4.2
06037500402,98,25,58.50,7.3
06037500403,97,23,45.00,21.1
06037500404,95.6,139,53.59,5.7
06037500500,97.1,30,42.86,10.3
06037500600,98.3,44,68.89,7.8
06037500700,98.3,98,41.28,12.2
06037500800,95.7,0,68.18,6.1
06037500900,94.5,37,73.22,18.8
06037501001,94.9,15,59.55,12.4
06037501002,90.5,0,84.93,3
06037501200,86.4,5,63.06,6.9
06037501301,77.4,0,45.66,3.8
06037501302,80.9,4,49.81,7.7
06037501400,89.3,38,56.46,9.1
06037501501,68.5,0,42.86,4
06037501503,84.8,19,50.61,16.9
06037501504,82.6,29,54.78,19.4
06037501600,66.8,41,55.69,11
06037501700,69.5,0,38.38,9.5
06037501802,76.4,16,58.09,9.3
06037501803,83.4,278,59.87,14.1
06037501804,90.3,7,58.90,16.3
06037501900,72.7,0,36.47,5.1
06037502003,91.9,144,70.57,18.6
06037502004,93.9,7,62.44,10.9
06037502005,81.7,33,59.71,5.6
06037502100,87,20,45.20,12.5
06037502200,90.3,169,42.36,6.5
06037502303,95.7,45,76.60,16.1
06037502401,94.5,166,58.57,6.8
06037502402,97.1,16,43.15,7.2
06037502500,97.2,67,39.70,11.9
06037502602,94.7,48,64.91,6.7
06037502603,90.5,0,71.83,6.5
06037502604,96.1,0,49.41,5.8
06037502700,93.5,62,31.89,7.9
06037502801,86.5,19,55.37,6.9
06037502901,89.4,19,37.50,6.9
06037503000,97.9,20,38.14,10.7
06037503103,91.5,33,43.90,9.8
06037503104,96,31,58.39,5.3
06037503105,91,29,34.67,2.6
06037503106,83.3,3,48.95,12.1
06037503201,85.6,43,83.18,11.7
06037503202,90.3,0,46.51,14.8
06037503301,80.2,9,28.57,4
06037503302,79.8,0,53.70,12.7
06037503401,71,35,60.40,3.4
06037503402,70.4,8,55.07,6.8
06037503501,84.6,9,46.96,2.4
06037503502,77.9,0,87.20,2.6
06037503601,75.9,21,61.66,5.9
06037503602,67.7,6,53.64,6.4
06037503701,65.8,0,59.83,3.7
06037503702,71.8,8,32.06,4.9
06037503704,84.1,27,61.85,5.3
06037503705,71.7,12,66.67,4.7
06037503801,74.7,48,56.73,12.5
06037503802,75.8,195,55.85,2.5
06037503901,72.7,0,43.37,3.2
06037503902,70.2,15,43.94,4.4
06037504001,62,24,55.96,10.2
06037504002,66.3,0,9.96,6.4
06037504101,88.7,0,64.74,10.1
06037504200,92.5,62,65.66,17.4
06037530005,91.7,0,30.97,2.1
06037530006,87.6,44,56.05,9.4
06037530007,90.6,30,73.79,8
06037530101,90,115,61.20,29.7
06037530102,86.2,13,58.49,11.6
06037530202,96.2,99,66.94,8.6
06037530203,92.8,43,78.02,24.8
06037530204,98.8,61,50.88,13.3
06037530301,99.4,101,51.90,12
06037530302,97.2,66,51.80,14.5
06037530400,100,59,44.91,30.3
06037530500,94.7,71,39.91,11.8
06037530603,88.7,153,42.39,13.3
06037530700,93.7,59,45.05,16.7
06037530801,94.4,111,40.43,14.4
06037530802,95.4,58,64.51,13.7
06037530901,98.4,42,49.63,17
06037530902,98.2,249,51.68,27.2
06037531000,98,197,35.58,7.7
06037531101,99.5,71,46.52,14.4
06037531102,99.7,96,50.00,24.3
06037531201,100,41,32.17,9.7
06037531202,99.8,259,51.52,22
06037531301,98.3,201,45.13,18.4
06037531302,98.9,169,58.77,24.2
06037531502,99.1,97,60.85,20.7
06037531503,97.2,14,33.69,13.3
06037531504,100,138,53.08,22.8
06037531602,99.1,287,45.04,19.6
06037531603,98.5,40,43.08,13.6
06037531604,100,51,57.52,25.2
06037531701,99.9,200,50.36,21.8
06037531702,97.8,164,53.70,9.7
06037531800,99.2,119,34.03,11.9
06037531901,98.8,315,56.48,11.5
06037531902,99.3,117,51.58,13.2
06037532001,95.4,78,53.48,10.4
06037532002,97.4,35,40.64,10.2
06037532101,98.8,111,68.81,14.9
06037532102,93.8,12,74.20,8.6
06037532200,97.5,176,50.17,16.7
06037532302,99,16,63.32,17
06037532303,98.8,126,50.00,12.7
06037532304,87.9,66,57.03,20.5
06037532500,98.1,49,68.82,17.9
06037532605,99.4,89,53.01,22.8
06037532606,97.4,141,52.88,18.8
06037532607,98.4,137,56.54,18.2
06037532700,99.9,247,48.19,20.4
06037532800,100,124,67.24,28.4
06037532900,97.4,236,67.66,34.9
06037533001,100,117,40.63,14.9
06037533002,99.8,15,70.23,22.9
06037533103,99.1,143,63.32,18.8
06037533104,96.4,134,55.35,21.1
06037533105,99.4,69,65.28,14.7
06037533108,99.2,386,55.77,18.5
06037533201,99.9,53,43.41,14.9
06037533204,99.7,97,46.82,13.4
06037533300,99.6,41,65.66,22.4
06037533401,99.5,98,43.54,16.7
06037533402,99.5,12,48.48,24.1
06037533403,98.6,80,56.71,8.5
06037533501,99.5,43,39.45,13.9
06037533504,99.2,116,63.60,19.2
06037533601,98.3,169,52.25,16
06037533602,96.5,0,61.76,17.3
06037533603,96.4,125,66.17,28.9
06037533701,99.1,133,46.64,10.2
06037533702,99.9,46,53.15,25.4
06037533703,100,31,65.32,18.4
06037533803,86.4,87,59.87,32
06037533804,98.1,78,60.80,15.2
06037533805,99.3,73,63.44,18.6
06037533806,90.3,66,64.08,16.4
06037533901,99.4,116,62.31,23.6
06037533902,97.4,68,62.30,14.2
06037534001,99.5,44,40.29,25.2
06037534002,94.2,18,58.16,13.4
06037534101,96.5,6,37.01,14.5
06037534102,99.4,83,61.08,29.6
06037534201,97.8,70,68.22,20
06037534202,97.4,0,61.93,29.3
06037534203,97.5,88,69.10,15.6
06037534301,99,134,67.43,36.1
06037534302,99.1,57,61.36,28.9
06037534403,96.6,58,63.96,34
06037534404,98.8,63,44.59,20.7
06037534405,97.6,156,72.35,25.8
06037534406,100,144,53.90,21.4
06037534501,98.8,70,56.31,15.3
06037534502,94.4,0,48.11,15.5
06037534700,98.9,34,52.63,8.8
06037534802,98.4,122,62.50,12.1
06037534803,98.4,91,63.72,10.9
06037534804,99.4,125,59.36,26.3
06037534900,99.8,137,40.99,11.1
06037535001,99.1,63,69.64,27.6
06037535002,99.2,108,53.72,28.5
06037535101,99.3,209,51.88,12.8
06037535102,99,133,71.77,18
06037535200,99.9,82,78.16,12.1
06037535300,99.3,117,76.36,27.1
06037535400,99.6,79,58.47,30.5
06037535501,98.6,0,63.62,20
06037535502,97.6,266,47.47,14.8
06037535503,98,75,41.58,8.6
06037535603,99.8,174,52.83,18.4
06037535604,99.3,48,48.16,10.9
06037535605,98.6,244,35.96,8.5
06037535606,99.3,29,61.19,7
06037535607,99.3,54,49.33,13.4
06037535701,95.2,111,49.69,13.6
06037535702,98.7,39,48.21,14.6
06037535802,98.6,128,40.99,4.9
06037535803,99.2,69,70.52,22.5
06037535804,99.5,157,55.91,17.9
06037535901,97.9,68,72.99,20.3
06037535902,97.5,4,40.00,4.5
06037536000,99,60,53.53,23.6
06037536102,84,48,89.80,12.5
06037536103,97.9,26,58.37,6.8
06037536104,96.6,74,48.85,10.7
06037536201,93.8,64,53.15,22.2
06037536202,95.9,12,43.16,7.4
06037540000,98.4,40,54.94,23.5
06037540101,97,217,57.11,18.3
06037540102,99.4,157,38.06,8.8
06037540201,98.9,111,59.51,24.1
06037540202,97.4,117,64.21,16.3
06037540203,98,146,66.59,22.1
06037540300,99.2,150,68.07,4.5
06037540400,98.3,30,63.59,21.1
06037540501,91.4,0,71.35,16.9
06037540502,99.3,68,61.81,21.3
06037540600,99.6,45,72.50,30.2
06037540700,98.9,22,55.86,9.1
06037540800,98.4,75,55.20,12.8
06037540901,96.9,85,65.62,10.7
06037540902,99,125,44.01,23
06037541003,92.9,72,45.59,10.1
06037541100,98.8,97,43.71,15.1
06037541200,96.8,195,44.87,6.9
06037541300,99.5,175,75.00,8.1
06037541401,97.5,97,72.65,14.8
06037541402,100,51,69.32,12.9
06037541500,99,27,50.66,10.7
06037541603,99.4,6,47.67,18.1
06037541604,99.8,96,68.95,21.8
06037541605,99.5,138,58.63,12.9
06037541606,100,7,45.91,39.1
06037541700,97.9,259,46.04,12.5
06037541801,99,36,55.27,29.2
06037541802,99.2,61,77.85,9.6
06037542000,99.6,156,44.32,11.4
06037542103,99.1,32,45.89,11.3
06037542104,99.7,70,52.53,11.5
06037542105,100,26,51.11,20.5
06037542106,99.4,43,46.83,28.1
06037542200,99.7,120,63.97,25.2
06037542401,97,75,74.65,14
06037542402,99.7,28,48.27,9.3
06037542501,100,41,48.52,19.9
06037542502,99,70,45.99,26.8
06037542601,98.9,56,55.48,23.9
06037542602,99,123,59.13,14.8
06037542700,99.6,11,51.76,14.9
06037542800,99.9,19,56.73,8.6
06037542900,100,50,55.00,9
06037543000,99.3,14,77.07,8.5
06037543100,99.9,46,43.45,19.6
06037543201,98.4,136,48.86,14.1
06037543203,99.5,29,53.78,33.3
06037543304,97.8,53,23.73,8.2
06037543305,89.2,0,56.80,13.5
06037543306,90.2,0,35.85,2.3
06037543321,93.7,61,54.27,13.2
06037543322,95.3,0,4.41,7.1
06037543400,95.7,22,71.43,10
06037543501,94.5,54,44.65,14.2
06037543502,91.2,43,54.24,7.6
06037543503,87.6,67,39.58,5.9
06037543601,94,47,39.39,9.4
06037543603,83.7,2,53.97,5.8
06037543605,81.2,70,50.96,6.2
06037543606,84.2,0,58.50,8.8
06037543607,93.3,10,79.31,10
06037543701,95.2,25,51.39,4.8
06037543703,91.2,101,44.59,5.3
06037543704,89.8,0,72.89,5.4
06037543705,96.2,0,52.30,7.8
06037543801,91.3,110,30.29,6.2
06037543803,90.8,43,75.12,13.9
06037543804,89.6,68,46.91,21.9
06037543903,94.3,0,36.36,7.1
06037543905,97.5,22,56.22,10.8
06037544001,90.7,59,60.62,8.5
06037544002,96.4,14,46.34,3.9
06037550101,93,20,44.44,12.7
06037550201,91.4,45,43.73,11.1
06037550202,91.4,29,38.94,5.4
06037550301,92.7,69,73.73,4.8
06037550501,93,67,64.85,11
06037550502,79.8,18,83.26,1.5
06037550601,91.3,85,35.46,10.6
06037550602,79.3,16,48.34,8.3
06037550700,86.4,72,27.32,8.7
06037550801,78.7,0,75.60,6.7
06037550802,91.4,33,48.43,9.9
06037550901,87.9,222,48.33,17.6
06037550902,91.4,31,52.70,6.7
06037551001,83.1,73,54.92,3.4
06037551002,79.1,88,38.27,5.6
06037551101,88.6,58,46.06,13.7
06037551102,92.5,183,62.97,16.1
06037551201,84.8,34,79.68,7
06037551203,91.9,77,56.20,13
06037551204,86.7,18,61.63,12.7
06037551300,91.6,157,57.72,14.2
06037551401,93.3,15,57.24,9.6
06037551402,85.4,37,60.31,9.6
06037551501,86.7,0,52.24,7.6
06037551502,90,2,57.99,3.3
06037551700,93.1,127,54.33,11.2
06037551801,92.5,125,55.44,1.9
06037551802,85,0,76.79,9.2
06037551900,79.9,75,71.21,11.7
06037552001,90.2,22,54.58,4.8
06037552002,90.3,82,30.21,6.4
06037552100,91.1,0,54.10,8.1
06037552200,95.9,134,63.57,24.1
06037552301,95.8,4,51.20,7.4
06037552302,69,12,56.66,13.7
06037552400,91.9,7,80.00,7.1
06037552601,95,50,56.87,11.4
06037552602,92.8,41,40.90,9.2
06037552700,91.6,42,59.01,5.2
06037552800,93.1,126,56.81,4.5
06037552900,80.2,0,57.98,17.1
06037553000,83.6,0,18.85,7.2
06037553100,84.5,39,47.79,11
06037553201,87.9,47,40.73,8.1
06037553202,89.4,0,67.83,6.9
06037553300,87.9,41,19.35,5.8
06037553400,93.6,23,56.86,3.8
06037553502,87.6,116,40.64,5.2
06037553503,97.7,23,68.97,16.2
06037553504,92.1,113,61.57,9.5
06037553601,97.8,38,63.80,15.2
06037553602,97.5,105,65.80,4
06037553701,98.9,42,45.84,13.2
06037553702,99.6,19,56.82,13
06037553801,95.6,36,72.55,32.2
06037553802,92,150,52.56,14.3
06037553901,96.3,57,50.44,12.2
06037553902,96.3,58,55.71,13.5
06037554001,76.1,46,48.59,7.6
06037554002,92.5,33,59.59,18.6
06037554101,93,19,51.10,22.2
06037554105,93,11,67.79,29.9
06037554106,86.6,22,53.93,15.8
06037554201,87,0,60.09,6.3
06037554203,90.2,47,59.21,17.6
06037554204,88.9,34,55.56,16.8
06037554301,86.8,26,62.35,12.8
06037554302,96.1,64,53.20,6.6
06037554403,90.5,169,51.81,11.6
06037554404,93.1,16,58.69,16.9
06037554405,73.8,96,68.27,15.6
06037554406,74.4,43,53.57,5.3
06037554511,93.5,8,27.13,4.9
06037554512,89.1,0,26.41,5.6
06037554513,92.4,25,53.89,4.4
06037554514,87.5,17,22.52,5.6
06037554515,87.3,0,37.82,9.4
06037554516,83.1,46,42.79,3.7
06037554517,95.5,26,51.78,12.1
06037554518,90.5,0,51.67,5.3
06037554519,91.8,24,14.53,8.5
06037554521,79.1,31,57.69,3.2
06037554522,85.8,48,16.36,3.2
06037554600,86.3,17,59.06,10.4
06037554700,97.6,0,47.40,7
06037554801,87.1,0,35.55,9.3
06037554802,86.5,41,43.63,6.4
06037554900,85,78,59.96,10.6
06037555001,86,6,49.15,11.5
06037555002,79.5,0,53.16,6.8
06037555105,87.1,166,53.52,5
06037555106,92.3,0,63.76,3.9
06037555107,78.8,22,58.75,8.2
06037555202,50.3,0,64.58,4.6
06037555211,97.5,65,51.17,28.6
06037555212,88.2,31,47.68,14.2
06037555300,78.4,33,65.63,15.6
06037570001,68.5,29,57.80,8.4
06037570002,65.8,7,25.81,3.3
06037570003,56.9,0,69.35,3.8
06037570100,84.2,4,68.44,17.3
06037570202,96.2,91,63.74,20.2
06037570203,95.9,128,59.64,17.7
06037570204,87,21,50.12,7.2
06037570303,93.1,96,65.54,17.6
06037570304,90.5,143,50.96,21
06037570305,94.1,54,63.88,25.6
06037570306,92.5,8,45.32,18.6
06037570402,95.7,32,58.47,11.6
06037570403,97.1,113,44.38,23.4
06037570404,96.4,34,66.02,21.3
06037570502,94.4,319,50.55,13.9
06037570503,90.5,69,29.69,11.3
06037570504,90.5,98,51.46,16.9
06037570601,90.2,138,50.58,13.3
06037570602,94,75,60.77,16.5
06037570603,90.4,165,61.57,31.3
06037570701,75.7,55,52.50,5.1
06037570703,77.6,7,67.74,6.7
06037570800,61.2,14,54.84,4.3
06037570901,62.9,24,58.52,5.9
06037570902,46.6,0,45.22,3.6
06037571000,48.5,47,52.70,4.4
06037571101,50.9,13,61.01,5.4
06037571102,61.3,6,57.48,6.1
06037571201,48.4,23,40.22,4.6
06037571202,64.5,22,57.16,4.1
06037571300,64.5,0,68.57,4.9
06037571400,72.1,29,48.58,5.1
06037571502,79.8,0,56.60,5.3
06037571504,65.6,80,50.72,12
06037571505,82,0,48.70,10
06037571600,96.3,43,48.84,34.5
06037571701,86.6,85,56.64,29.1
06037571703,90.9,28,64.33,24.4
06037571704,94.6,43,65.27,19.5
06037571800,57.1,36,54.62,6
06037571900,54.9,31,33.85,6.1
06037572001,54,0,64.96,4.5
06037572201,78.4,63,64.60,14.7
06037572202,79,153,48.53,15.1
06037572301,92.5,134,51.02,19.6
06037572500,83.7,30,44.85,20.8
06037572600,97.5,61,14.08,6
06037572700,97.6,227,38.40,14.8
06037573002,95,124,61.85,5.6
06037573003,81.9,23,46.06,19
06037573004,91.5,268,63.56,20.6
06037573101,90.9,71,60.99,8.8
06037573102,83.8,31,49.78,18.4
06037573201,93.7,159,66.93,22.3
06037573202,94.3,181,48.08,12
06037573300,97.1,0,53.00,31.3
06037573401,73.2,0,57.97,23.4
06037573402,77.4,109,35.89,7.2
06037573403,69.2,11,17.32,6.4
06037573601,40,21,3.46,7.6
06037573700,56.7,8,42.49,3.7
06037573800,46.1,24,50.32,5.1
06037573902,39.8,0,32.69,8.3
06037574000,40.9,0,19.35,5.4
06037574100,53.4,0,47.29,1.6
06037574201,54.6,0,58.11,2.5
06037574202,58.7,12,35.88,5.7
06037574300,45.4,0,34.47,3.6
06037574400,35.5,0,50.21,3.8
06037574500,40.3,57,20.55,1.9
06037574602,48.9,4,54.17,0.3
06037574800,37.2,13,40.18,11.6
06037574901,42.4,17,21.03,10.3
06037574902,68.1,108,54.15,26.4
06037575001,74.5,117,56.58,13.2
06037575002,59,24,46.61,14.1
06037575101,88.7,288,73.05,23
06037575102,93.2,270,72.21,24.6
06037575103,82.7,335,59.58,13.3
06037575201,95.7,98,67.07,25.3
06037575202,96.7,89,55.87,20.4
06037575300,94.7,175,65.42,28.1
06037575401,94,203,54.39,24.2
06037575402,94.4,90,51.14,18.1
06037575801,93.6,4,66.71,24.5
06037575802,92.2,133,68.97,18.2
06037575803,64.9,124,73.39,44.4
06037575901,82.2,106,60.29,34.8
06037575902,69.6,253,55.97,15
06037576001,54.8,114,44.04,6.8
06037576200,71.8,55,64.92,18.4
06037576301,85.3,201,61.77,32.6
06037576302,80.2,115,53.67,23.5
06037576401,91.7,184,53.63,27.9
06037576402,93.5,102,64.34,21
06037576403,90,197,54.28,19.2
06037576501,75.4,97,58.20,23.1
06037576502,75.8,59,54.39,16
06037576503,69.5,61,61.38,15.6
06037576601,67.4,42,62.86,16.8
06037576602,50.6,83,56.43,11.4
06037576700,49.5,47,45.41,8.9
06037576801,61.8,141,48.11,20.8
06037576802,56.2,23,41.45,8.6
06037576901,88.7,188,53.92,23.1
06037576903,81.7,324,53.69,17.2
06037576904,66.8,20,61.28,23.9
06037577000,63.3,103,48.36,17.4
06037577100,43.4,108,45.68,12.1
06037577200,40.6,20,34.42,7.6
06037577300,41.3,84,38.23,3.6
06037577400,26.7,23,35.13,6.2
06037577501,24.8,28,47.45,8.9
06037577504,22.7,0,65.50,7.6
06037577602,32,55,51.87,6.3
06037577604,26,23,50.86,3.6
06037577605,28.3,11,39.61,4
06037577606,41.2,0,41.98,8.7
06037577700,98.4,162,29.17,7
06037577800,86.5,25,46.51,3.3
06037577900,65.8,91,66.74,10.8
06037578000,92.5,108,55.12,35
06037578100,47.8,0,-1.00,66.7
06037599000,64.5,13,51.95,8.3
06037599100,53.8,36,50.94,19.7
06037600100,99.9,202,62.50,18.5
06037600201,99.7,67,53.81,26.7
06037600202,97.2,342,72.24,27.9
06037600302,98.4,34,44.50,8.5
06037600303,99.9,60,66.22,31.4
06037600304,98.8,137,68.49,20.6
06037600400,97.9,250,64.66,32.6
06037600501,97.3,81,76.05,10.4
06037600601,98.6,23,56.02,14
06037600602,99.8,151,64.26,14.6
06037600702,97.8,126,59.18,10.1
06037600703,96.8,26,64.89,9.6
06037600704,89.2,64,68.18,6.1
06037600801,98.1,196,54.22,8
06037600802,96.1,43,70.43,8.9
06037600902,92.5,109,62.60,7.4
06037600911,92,133,51.92,12.6
06037600912,91.6,93,52.10,12.1
06037601001,94.4,59,45.41,18
06037601002,96.7,141,47.52,19.6
06037601100,97.5,250,64.14,22.3
06037601202,94.8,23,53.14,7.7
06037601211,94.8,135,64.42,10.8
06037601212,96,125,49.39,5.8
06037601301,82.2,17,50.51,4.1
06037601302,87.1,159,53.38,16.7
06037601303,96.5,299,66.22,20.4
06037601401,88.9,195,56.55,25.6
06037601402,93.3,67,47.29,22.6
06037601501,99.5,42,50.55,23.6
06037601502,97,74,45.96,16.1
06037601600,99,47,59.20,6.8
06037601700,98.7,205,61.26,22.2
06037601801,99.9,98,51.48,18.8
06037601802,95.3,151,37.95,8.2
06037601900,99,270,57.89,22.2
06037602002,94.6,62,56.00,13
06037602003,98.3,46,57.75,15.7
06037602103,95.7,73,74.17,35.7
06037602104,96,66,61.66,12.9
06037602105,89.4,127,59.07,24.1
06037602106,91.3,105,49.61,13.2
06037602201,76.7,23,49.25,7.8
06037602202,86.4,0,48.75,5
06037602301,73,86,61.92,8.9
06037602302,47,10,32.39,6.4
06037602402,86.4,128,39.77,4.1
06037602403,88.8,149,57.72,14.7
06037602404,94.1,72,56.11,24.3
06037602504,95.9,60,57.71,24.9
06037602505,95.7,21,51.83,24.2
06037602506,96.5,134,47.50,27.4
06037602507,96.6,123,59.99,9.1
06037602510,94.9,238,61.69,17.6
06037602511,99.8,189,74.07,19.6
06037602512,94.3,1,48.64,18.5
06037602513,97.2,0,60.13,29
06037602601,96.8,48,72.28,6.7
06037602602,94.6,17,67.64,11.3
06037602700,93.8,84,33.90,7.6
06037602801,98.2,28,66.73,19
06037602802,98.7,97,54.00,4.1
06037602900,97.8,152,17.56,13
06037603004,92.7,12,59.01,4.9
06037603005,96.6,17,62.80,11.1
06037603006,95.8,48,35.31,7.9
06037603007,92.3,29,71.21,15.6
06037603008,95.9,63,28.27,10.7
06037603101,86.6,66,58.17,18.3
06037603102,91.4,24,65.24,8.2
06037603200,90.3,42,47.46,6.6
06037603301,93.1,25,46.98,13.7
06037603302,96,51,39.97,8
06037603400,88.9,49,44.33,10.2
06037603500,94,149,51.88,11.1
06037603600,77.5,9,59.79,13.4
06037603702,62.4,51,33.17,6.9
06037603703,80.7,0,11.11,2.8
06037603705,93.6,28,67.00,7.4
06037603706,96.6,188,62.30,14.2
06037603801,88.3,50,67.68,18.6
06037603802,89.5,0,48.26,11
06037603901,81.7,15,32.23,4.9
06037603902,88,90,59.20,7.3
06037604001,84.2,28,45.85,9.8
06037604002,77.6,31,66.20,16.6
06037604101,89.9,12,65.10,10.7
06037604102,88.1,24,34.91,20.2
06037604200,92.1,86,59.43,12.6
06037609900,74.6,15,49.16,19.5
06037620001,49.1,23,43.10,1.6
06037620002,43.9,16,49.36,8.6
06037620101,47.8,12,34.33,3.1
06037620102,35.3,0,22.36,5.4
06037620201,20.8,0,29.64,6.8
06037620301,27,0,63.82,2.8
06037620303,26.2,0,41.11,5.6
06037620305,17.6,71,35.33,2
06037620400,43.1,6,38.88,1.8
06037620501,55.2,0,51.94,5.5
06037620521,48,11,45.34,4.4
06037620522,47.6,16,40.82,4.3
06037620601,57.5,23,45.44,8.1
06037620602,40.6,0,39.69,5.6
06037620701,45.9,45,40.39,3
06037620703,36.2,18,9.06,1.4
06037620704,41.5,18,37.39,2.6
06037620801,37.4,11,13.61,3.3
06037620802,28.7,13,26.12,3.4
06037620901,35.2,0,40.82,3.9
06037620904,9.2,0,21.90,7.5
06037621001,28.4,0,58.77,8.1
06037621005,15.1,88,38.83,3.6
06037621102,32.9,0,20.91,5.5
06037621104,32,0,37.36,4.6
06037621201,40.3,11,45.23,5.8
06037621204,37,10,58.76,4.5
06037621301,44,8,54.10,5.6
06037621324,26.5,37,49.04,8.8
06037621326,33.9,49,50.84,5
06037621400,40.4,13,37.04,3.8
06037650001,78.5,0,64.02,13.1
06037650003,68.5,69,61.16,10.3
06037650004,86.2,41,51.37,12.6
06037650101,84,0,78.78,6.8
06037650102,69,17,48.67,3.6
06037650200,64.8,48,59.70,3.7
06037650300,77.5,146,49.40,8.5
06037650401,61.3,18,19.56,6.4
06037650501,56.4,0,43.44,1.9
06037650502,55.1,9,25.44,2
06037650603,55.5,0,49.79,9
06037650604,75.1,66,45.03,15
06037650605,75.8,36,38.71,3.4
06037650606,74,16,43.57,9.1
06037650607,81.4,0,51.14,2.5
06037650701,55.2,25,46.54,3.3
06037650702,53.5,45,60.18,1.9
06037650801,85.5,0,48.80,5.6
06037650802,81.3,0,67.12,10.1
06037650901,71.9,30,55.09,7.9
06037650903,74.6,25,57.90,9.5
06037650904,79.3,0,33.12,5.7
06037651001,64.7,0,70.51,4.1
06037651002,72,11,35.73,5.2
06037651101,65.7,0,35.04,4.4
06037651102,60.6,8,45.11,9.6
06037651201,61.3,0,9.40,12.4
06037651221,73,7,48.00,7
06037651222,64.8,123,46.49,2.2
06037651302,39.8,0,50.97,3.7
06037651304,41.7,0,31.65,5.8
06037651401,58.9,0,33.15,13.5
06037651402,71.7,32,53.81,4.5
06037670001,63.8,0,56.63,3.3
06037670002,65.9,91,39.68,12.1
06037670003,44.1,58,57.82,6.2
06037670101,68.8,6,30.38,31.1
06037670102,78.6,1,51.46,11.9
06037670201,38.6,0,53.15,2
06037670202,44,0,50.00,1.4
06037670324,29,0,60.38,3
06037670326,42.3,0,27.40,1.3
06037670328,46.4,0,58.86,3
06037670405,51,0,50.19,6.4
06037670406,66.5,5,63.83,7.2
06037670407,67.1,0,30.20,5.2
06037670413,56.7,14,59.13,2.9
06037670416,54.4,0,59.30,4.9
06037670417,57.5,52,56.95,2.6
06037670418,51.7,15,33.33,3.5
06037670500,36.7,0,11.11,7.2
06037670603,61.8,26,46.00,2.2
06037670604,38.5,156,58.01,5.5
06037670701,53.7,0,45.61,3.9
06037670702,38.4,0,59.44,2.8
06037700101,31.2,86,39.70,12.9
06037700102,33.5,129,45.49,16.6
06037700200,42,291,45.87,11.1
06037700300,26.3,208,41.62,9.3
06037700400,20.2,60,47.01,11.3
06037700501,21.4,67,38.77,14
06037700502,33.8,0,56.72,19.2
06037700600,16.7,24,47.24,5.1
06037700700,8.9,7,23.53,4.5
06037700801,25.1,0,46.03,18.1
06037700802,30.9,13,52.07,14.6
06037700901,32.1,40,59.82,8.9
06037700902,35.5,49,59.30,6.3
06037701000,27.6,172,42.78,7.9
06037701201,26.2,35,39.04,7.1
06037701202,18.4,59,49.90,10.2
06037701302,26.4,126,54.88,10.3
06037701304,32.9,19,32.64,6.1
06037701402,41.9,134,40.71,19.9
06037701501,36.6,18,30.42,10.3
06037701502,39.9,100,36.45,5.6
06037701601,32.1,30,33.38,3.9
06037701602,49.6,20,48.12,14.2
06037701701,45,28,48.38,7.2
06037701702,36.6,57,52.99,18.9
06037701801,69.8,137,46.41,11.8
06037701802,58.3,155,50.69,20.9
06037701902,29.8,132,43.84,23.4
06037702002,38.7,50,47.66,10.6
06037702102,28.8,99,39.70,11
06037702201,34.4,24,52.43,10.3
06037702202,28.2,23,50.55,5.1
06037702300,35.7,133,38.57,6.5
06037702400,49.5,96,41.03,9.2
06037702501,36.6,20,30.75,5.4
06037702502,59,0,48.79,8.3
06037702600,46.8,79,52.32,3.5
06037702700,46.6,19,55.81,1.9
06037702801,60,88,60.69,8.6
06037702802,59,45,47.99,5.6
06037702803,67.3,128,50.49,6.3
06037702900,36,89,46.01,0.8
06037703002,86,21,51.05,9.3
06037703003,65.6,36,63.78,7.7
06037703100,90.7,0,18.88,13.3
06037703200,86.7,0,64.59,4.8
06037800101,20.9,14,43.97,2
06037800103,36.6,0,73.15,8.3
06037800104,30.3,0,48.98,4.6
06037800202,13.9,6,68.18,6.6
06037800204,24.1,30,90.14,5.2
06037800205,46.4,0,53.82,18.5
06037800206,15.1,0,0.00,7.2
06037800324,31.4,14,52.13,3.8
06037800325,16,0,53.42,7.3
06037800328,31.5,0,47.30,5
06037800333,30.5,0,40.19,9.6
06037800334,33.5,0,71.34,10.8
06037800335,26.5,0,31.13,7.2
06037800336,31.7,0,13.19,2.9
06037800337,48,0,72.55,21.4
06037800338,25.6,0,32.95,4.2
06037800406,24.8,0,27.68,7.8
06037800410,40.1,4,40.37,8.9
06037800411,22.7,13,56.98,6
06037800412,20.6,0,38.00,16.1
06037800504,22.5,11,38.07,19.1
06037800506,24.3,1,55.76,4.9
06037900102,56.4,0,39.45,10.1
06037900103,71.3,25,45.32,15.2
06037900104,81.6,0,58.99,12.2
06037900301,75.2,0,49.05,15.9
06037900501,81.8,9,65.15,9.2
06037900504,86.5,65,67.67,16
06037900505,88.6,44,68.81,24.7
06037900506,83.8,14,65.14,14
06037900508,78.6,39,72.04,21
06037900509,76.1,12,30.90,19.4
06037900510,92.6,82,63.95,18.2
06037900602,81.5,80,58.12,9.7
06037900606,83.8,8,48.23,12.9
06037900607,82,93,52.20,13.9
06037900608,89.9,0,69.82,14.7
06037900609,88.7,3,48.35,25
06037900610,82.3,23,37.18,7.6
06037900611,96.7,16,25.51,11.8
06037900701,84.4,46,56.16,22.1
06037900703,76.3,20,54.77,18.2
06037900704,81.6,15,54.30,12.5
06037900705,57.7,0,56.02,22.4
06037900804,87.6,8,59.52,28
06037900805,64,51,54.52,9.1
06037900806,79.4,10,59.24,34.7
06037900807,81.4,26,41.77,6.5
06037900808,79.5,5,72.08,27.8
06037900901,67.2,0,76.16,20.4
06037900902,39.6,0,16.95,4.4
06037901003,83.9,0,-1.00,-1
06037901007,52,0,38.46,6.6
06037901008,79.8,21,40.94,6.3
06037901009,60.7,46,62.71,18.6
06037901010,64,42,50.15,29.2
06037901011,66.3,7,50.88,13
06037901012,74.3,19,48.62,6
06037901013,63.9,0,55.37,6.2
06037901014,65.5,25,50.93,9.9
06037901101,54.5,0,25.38,9.1
06037901102,57.6,58,38.79,10.3
06037901209,56.3,10,29.71,19.6
06037901210,25.6,40,68.54,5
06037901214,48.3,11,71.02,10.5
06037901215,53.1,13,83.26,19.8
06037901216,40.4,0,0.00,6.8
06037901217,34.2,0,0.00,4.5
06037901218,61.5,0,-1.00,0.4
06037901300,70.9,0,57.67,29.2
06037910002,76.4,0,68.80,16.5
06037910210,59.9,20,17.98,1.9
06037910211,36.4,9,31.58,4.2
06037910212,48.1,0,22.22,12.6
06037910213,61,10,6.02,4
06037910214,78.1,24,50.32,4.7
06037910215,82.6,51,55.51,3.1
06037910216,56.3,6,43.01,10.6
06037910217,87.1,0,79.66,11.9
06037910218,56.1,46,75.35,13.3
06037910301,44.3,0,19.52,10.4
06037910302,58.5,56,43.60,5.9
06037910401,78.3,41,67.12,7.7
06037910404,84.2,41,54.74,12.8
06037910405,92.7,66,57.67,31.2
06037910501,91.6,96,60.75,34.5
06037910502,95,0,57.23,26.9
06037910504,89.6,3,63.20,8.9
06037910505,88.8,35,75.73,6
06037910601,90.2,23,41.05,13.7
06037910602,87.5,36,80.62,25.7
06037910605,83.3,52,43.03,23.4
06037910606,89.2,13,33.99,18.3
06037910607,83.4,12,44.87,26
06037910608,89.7,13,67.88,14.6
06037910706,93.2,0,76.16,8.9
06037910707,85.7,74,61.21,18.3
06037910709,58.4,13,30.14,5.9
06037910712,86.5,0,32.76,12.7
06037910713,94.1,21,41.10,24.2
06037910714,94.7,65,59.26,9.2
06037910715,92.7,77,87.01,14.5
06037910716,89.8,30,68.75,13.2
06037910717,90.2,10,86.96,4.4
06037910718,96.6,12,16.19,5.7
06037910719,95.1,0,46.82,13.9
06037910720,87.7,0,60.79,22.1
06037910721,64.4,1,77.36,16.3
06037910804,42.1,69,73.97,5.7
06037910807,47.6,52,40.07,12.6
06037910808,56.2,11,52.63,2
06037910809,37.9,0,58.62,6.4
06037910810,40.3,18,84.13,3.8
06037910814,37.8,0,38.27,9.4
06037910815,41.4,0,11.25,11.6
06037911001,40.8,5,34.67,13.5
06037911100,91.4,0,58.45,21
06037920013,61.5,32,50.00,14.4
06037920015,37.2,0,91.30,1.3
06037920016,45.1,6,64.11,2.2
06037920017,46.3,65,38.58,2
06037920018,34.5,40,62.75,6.9
06037920020,45.7,0,64.78,2.9
06037920028,70,58,65.03,0.2
06037920029,54,25,48.45,4.8
06037920030,69.5,24,49.67,7.4
06037920031,47.2,0,60.06,13.1
06037920034,66.5,29,51.87,7.8
06037920035,76.2,181,54.91,13.7
06037920038,91.7,19,55.88,14.1
06037920039,61.7,5,32.43,7.2
06037920040,61.9,22,67.06,2.7
06037920041,72.9,8,57.91,7.1
06037920042,66.1,362,39.37,6.2
06037920043,59.5,32,44.18,7.2
06037920044,58.3,35,53.98,8.1
06037920045,39.1,82,29.89,3.2
06037920046,75.1,18,56.50,4.4
06037920047,85.8,45,60.33,26.1
06037920048,68.3,84,67.40,10.6
06037920049,42.6,60,50.00,7.7
06037920050,24,6,62.24,21.4
06037920102,53.8,10,76.49,7.4
06037920104,48.4,0,32.20,5.3
06037920106,69.9,19,53.61,5.5
06037920109,44.8,8,50.52,6.9
06037920110,51.5,0,62.82,6.7
06037920111,32.3,0,57.14,4.1
06037920112,44,15,68.71,8.4
06037920114,51.8,0,54.56,6.9
06037920115,51.3,75,67.75,3
06037920116,42.5,28,65.79,5.6
06037920118,65.8,0,38.51,1.7
06037920119,60.9,0,36.36,5.2
06037920120,58.3,30,31.52,4.7
06037920121,64.4,91,59.72,3.8
06037920200,88.4,0,-1.00,-1
06037920303,47.8,25,54.49,6.5
06037920312,60.9,53,76.19,8.9
06037920313,57.4,30,18.55,2.8
06037920314,47.8,33,46.88,10.6
06037920322,38.4,37,63.21,10.2
06037920326,55.5,37,61.86,2.8
06037920328,32.4,3,46.79,15.9
06037920329,33.7,60,56.58,8.2
06037920330,27.1,20,59.34,8.6
06037920331,34.2,22,49.31,8.9
06037920332,41.5,0,54.13,7.8
06037920334,36.4,69,74.47,9.3
06037920338,55.1,28,89.81,6.1
06037920339,66.2,0,49.76,5.3
06037920340,72.1,20,62.67,16.1
06037920341,91.2,76,55.69,16.5
06037920342,97.7,52,67.78,9.1
06037920343,81.2,100,75.63,11.5
06037930400,58.7,0,20.62,14.2
06037980001,-1,0,-1.00,-1
06037980002,-1,0,-1.00,-1
06037980003,-1,0,-1.00,-1
06037980004,-1,0,-1.00,-1
06037980005,-1,0,-1.00,-1
06037980006,-1,0,-1.00,-1
06037980007,-1,0,-1.00,-1
06037980008,100,0,72.22,87.7
06037980009,80,0,-1.00,-1
06037980010,91.6,1,87.50,42.7
06037980011,79.2,0,-1.00,3
06037980012,100,0,-1.00,-1
06037980013,-1,0,-1.00,-1
06037980014,90,0,100.00,100
06037980015,86.6,4,58.42,23.1
06037980016,94.3,0,29.03,2.2
06037980017,48.7,20,0.00,62.9
06037980018,-1,0,-1.00,-1
06037980019,13.3,0,100.00,18.7
06037980020,-1,0,-1.00,-1
06037980021,93.7,0,-1.00,6.3
06037980022,-1,0,-1.00,-1
06037980023,100,0,-1.00,0
06037980024,54.1,0,35.48,13.2
06037980025,98.9,0,75.91,1.4
06037980026,100,0,-1.00,-1
06037980028,-1,0,-1.00,-1
06037980030,-1,0,-1.00,-1
06037980031,58,0,0.00,0
06037980033,78.6,0,-1.00,54.5
06037980034,-1,0,-1.00,-1
06037980035,92.2,19,65.93,3
06037980036,100,0,17.86,6.4
06037980037,-1,0,-1.00,-1
06037980038,-1,0,-1.00,-1
06037980039,-1,0,-1.00,-1
06037990100,-1,0,-1.00,-1
06037990200,-1,0,-1.00,-1
06037990300,-1,0,-1.00,-1
